0,1,2,3,4,5,6,7,8,9,10,11,12,13,14,15,16,17,18,19,20,21,22,23,24,25,26,27,28,29,30,31,32,33,34
99999715,100000075,99999505,99999655,99995306.5,100003724.5,100003307.5,100004552.5,100004614.0,100005034.0,100000000,100000000,99999997.0,100000000,100000000,99999715,99999685,99999715,99999701.5,99999760,100000201.0,100000000,100000000,100000201.0,100000000,99998096.5,100000031.5,100000031.5,100001486.5,100000243.0,99997028.5,99997078.0,99996859.0,99997345.0,99997336.0
99999850,99999880,99999805,99999565,99999775,100000594.77588378,99999964.24494502,100000735.95857663,100000536.17557347,99999826.65472835,99999979.0,99999980.5,99999979.0,99999995.5,99999980.5,99999701.85434946,99999761.85434946,99999716.49397719,99999671.49397719,99999686.85434946,100000071.9969886,100000071.9969886,100000056.9969886,100000071.9969886,100000071.9969886,99997360,99999790,100000961.79726733,99999505,99999758.5,100000709.93996301,100000288.43996301,100000477.07025617,100000861.33362989,100000957.07326758
99999595,99999895,99999984.43580428,100000075,99999850,100001716.39035566,100001601.85164455,100002008.04520012,100001785.92906678,100001663.4677779,99999965.5,99999961.4360434,99999954.16627616,99999940.66627616,99999973.78279859,99999962.0,99999963.5,99999974.5,99999943.0,99999962.0,100000101.03871112,100000101.03871112,100000015,100000072.53871112,100000069.53871112,99999779.03871112,99999562.0,99999947.0,99999860.74830407,99999965.5,99998449.57093322,99998407.0322221,99998748.7848944,99998640.42791381,99998505.07093322
99999265,99999535,99999640,99999460,99999595,100000202.06350803,100000573.18938091,100000627.50371106,100000239.33206554,100000304.73417746,99999987.08357261,99999987.08357261,99999988.0,99999975.16777351,99999975.16777351,99999989.5,99999971.5,99999971.5,99999989.5,99999989.5,100000015,100000015,100000015,100000015,100000015,99999785.5,99999773.5,99999812.5,99999668.51475574,99999787.75,100000394.99545144,100000352.5,100000372.41342007,100000317.16793446,100000394.33290304
99999580,99999159.34558165,100000015,99999895,99999760,100001812.3375682,100001877.457705,100001860.63723995,100002079.82643193,100002097.39159127,99999919.42360502,99999895.01464519,99999895.01464519,99999896.51464519,99999895.01464519,99999864.57639498,99999864.57639498,99999864.57639498,99999864.57639498,99999864.57639498,100000061.07639498,100000061.07639498,100000061.07639498,100000059.94855063,100000061.07639498,99999812.43267104,100000160.52566126,100000879.05959086,100000072.0,99999976.0,99998587.0087138,99998232.79140626,99998459.59407693,99998320.2637601,99998235.20971057
100000015,99999880,99999745,99999442.66025333,99999865,100000951.04835792,100000843.3858192,100000838.86828196,100001097.7854019,100002017.49250251,100000000,99999932.0741911,99999932.0741911,100000000,100000000,99999823.05261171,99999907.36698718,99999940.43713613,99999842.40499863,99999821.16253872,100000016.5,100000016.5,100000015,100000016.51753724,100000016.51753724,99997712.5413347,100000033.94566853,99999288.5,99999359.5,99999326.26044597,99999713.36209673,100000272.54403186,99999842.57680516,100000194.73694146,100000280.18432975
99999589.16900857,99999865,99999730,99999850,99999625,100000571.57324113,100000445.10194585,100000467.47167768,100000435.697745,100000479.23183161,99999956.5,99999995.5,99999994.0,99999992.5,99999970.0,99999934.70585302,99999939.7480749,99999923.70585302,99999946.2480749,99999936.5,100000015,100000004.5,100000015,100000003.0,100000015,99998908.0,99999865.50770038,99999775.90542164,99999932.58829397,99999860.4209548,100000073.5,100000221.92675887,100000397.42675887,100000087.52832232,100000177.04248348
99999535,99999426.33086902,99998813.721873,100000135,100000090,100001428.96266969,100005457.63633282,100001603.7817867,100001590.2063273,100005215.78573549,99999982.0,99999948.06502043,99999949.56502043,99999933.4869541,99999946.56502043,99999750.57754852,99999784.38928603,99999776.51328458,99999801.93478237,99999750.66897132,100000008.12993602,100000023.12993602,100000023.12993602,100000011.12993602,100000026.12993602,99975745.82166527,100006630.05325918,100001566.51695058,100002690.72133057,100001620.90301389,99999874.03148451,99999960.24188454,100000024.6364941,99999922.19879934,99999953.0339557
99999790,99999760,100000000,99999490,99999715,100000889.5,100000973.0,100000861.5,100000980.5,100000985.0,99999982.0,99999982.0,99999982.5,99999982.5,99999982.5,99999945.5,99999945.5,99999949.5,99999945.5,99999945.5,100000017.5,100000016.5,100000018.0,100000015,100000016.5,99998309.5,99999206.5,99999067.0,99998983.0,99999016.0,100000240.0,100000455.5,100000469.0,100000626.5,100000456.0
99999580,99999820,99999985,99999535,99999820,100000390.34875302,100000343.4491761,100000286.42893864,100000425.14030519,100000640.64094406,99999977.5,99999982.75,99999985.13076578,99999977.5,99999973.0,99999928.0,99999941.5,99999941.5,99999959.5,99999959.5,100000018.0,100000018.0,100000015,100000018.0,100000023.30229813,99997915.11196126,99999758.5,99999913.75,99999970.65411364,99999863.5,100000274.05774538,100000400.0215587,100000489.50990225,100000338.95826356,100000531.74527428
99999850,99999745,99999595,99998503.6356674,99999745,100001422.7061437,100001305.40407836,100001081.30177659,100001067.61509672,100001305.26031429,99999925.52343811,99999941.5799214,99999932.03255785,100000000,99999982.28489003,99999924.44356148,99999896.81609786,99999920.96396196,99999943.46396196,99999895.83953597,100000061.12442599,100000062.62442599,100000061.12442599,100000015,100000000,99999694.0,100000021.17875966,99999871.26811978,99998950.70363292,99999941.69094664,99999660.75383177,99999720.21375789,99999669.05399518,99999671.63884275,99999615.75383177
99999745,99999265,99999520,99999492.9393214,99999895,99999191.7659932,99999359.76599115,100000158.54002142,99999279.7946734,99999317.50264364,99999968.75697105,100000043.75697105,99999970.25697105,99999973.25738169,99999986.75697105,100000013.45802252,100000023.95843317,100000008.95843317,100000041.95514822,100000023.95843317,100000000,100000000,100000029.68973053,100000029.68973053,100000029.68973053,100000470.80860785,100000584.08972579,100000495,100000462.0,100000598.5,100000281.20818639,100000317.6748175,100000568.73846844,100000448.42107816,100000404.10754398
99999550,99999115,99999610,99999640,99999700,100000731.825332,100000770.06507172,100000495.88886276,100000419.93320331,100000545.3948061,99999963.4443778,99999979.5,99999977.5,99999948.90566753,99999980.5,99999948.5,99999923.0,99999902.0,99999905.0,99999903.5,100000019.5,100000015,100000019.5,100000015,100000019.5,99999418.03791335,99999825.5,99999666.05654532,99999696.89446759,99999534.09414025,100000312.50089079,100000402.97271544,100000363.5675304,100000388.91758487,100000293.00089079
99999685,99998737.75462046,100000075,99999565,100000030,99999766.13132958,100000255.94512002,99999825.38322023,100000318.13511087,100000151.63132958,99999990.54239313,99999997.0,99999966.09104049,99999964.59104049,99999979.59104049,99999806.5,99999838.0,99999844.52419923,99999831.02419923,99999784.52419923,100000015,100000000,100000015,100000000,100000015,100000204.8152866,100000065.98321737,100000127.37250386,100000219.90895951,100000132.53895952,100000427.32420713,100000283.39842853,100000299.83311756,100000602.46700785,100000178.98946902
100000535.65656911,100000958.18686178,99999430,99999730,100001292.68686178,99994356.53029267,99994628.59087802,99994685.74744713,99994537.71715446,99994380.21715446,99999977.34343089,99999977.34343089,100000013.5,99999955.0,99999977.34343089,99999823.0,99999838.0,99999838.0,99999823.0,99999838.0,99999985,100000000,99999985,99999985,100000000,100004470,100004815,100005190,100005219.84343089,100005100,100000167.19196752,100000537.31313822,100000303.15656911,100000384.3788293,100000262.25255287
99999507.18814875,99999640,99999730,99999670,99999640,100000175.70579937,100000227.08851723,100000174.0048933,100000420.89601944,100000242.08851723,99999979.0,99999975.78447306,99999982.0,99999979.0,99999980.5,100000009.56311166,100000024.18933499,100000007.12622333,100000011.62622333,100000018.18933499,100000000,100000001.5,100000001.5,100000001.5,100000001.5,100000145.99799094,99999841.0,100000043.0,100000027.99419507,100000069.0,100000150.34871599,100000049.12133002,100000115.12133002,100000088.9076229,100000069.55821836
99999910,100000613.5,99999490,99999610,99999550,99997795,99997810,99998755,99998635,99998740,100000000,100000000,100000000,100000000,100000000,99999940,99999940,99999940,99999940,99999940,100000027.0,100000027.0,100000013.5,100000012.0,100000013.5,99999940,100000285.0,100000256.5,100000813.0,100000136.5,100001318.5,100001555.5,100001314.0,100001365.0,100002314.5
99999310,99999697.0022539,99999670,99999925,99999550,100000129.0,99999907.74459943,100000245.24459943,99999950.77989408,99999910.4434357,99999925.52828215,99999940.52828215,99999924.02828215,100000000,99999924.02828215,99999945.19859716,99999930.19859716,99999900.59929858,99999942.19859716,99999918.59929858,100000016.5,100000016.5,100000016.5,100000016.5,100000016.5,99999234.87140618,100000089.92055064,100000088.5,99999851.80116373,100001366.68566406,100000198.0,100000442.2869507,100000369.0,100000276.0,100000354.31196487
99999865,99999580,100000300,99999340,99999600.3472612,99998347.90589754,99998117.09652185,99998081.44829279,99998406.50986849,99999607.06676629,100000054.88552444,99999995.5,100000005.48209588,100000054.88552444,100000003.98209588,99999251.61357068,99999255.36359634,99999331.47352782,99999269.33808297,99999414.30887471,100000022.71402799,100000013.98174483,100000075.88552444,100000013.98296592,100000000,100003974.8219579,100000723.1791914,100001637.56132606,100001491.89491495,100001650.75059286,100000376.5370623,100001098.86334887,100000464.48847727,100000450.12735803,100000123.00400586
99999624.58847477,99999565,99999373.8459855,99999640,99999775,100002311.58998324,100000430.897258,100000109.897258,100002067.397258,100001668.25271407,99999905.95181869,99999905.95181869,99999905.95181869,99999905.95181869,99999904.45181869,99999925,99999940,99999925,99999940,99999925,100000000,100000000,100000000,100000000,100000074.54818131,99999955,100000209.54818131,100000315,100000654.32463318,100002025,99998640.74728593,99998732.24728593,99998574.29546724,99998586.00637938,99998483.55456069
99999670,99999430,99999775,99999415,99999895,100000381.0,100000417.0,100000384.0,100000363.0,100000306.0,99999983.5,99999980.5,99999977.5,99999958.0,99999983.5,99999955,99999955,99999955,99999955,99999955,100000019.5,100000016.5,100000022.5,100000022.5,100000018.0,99999205,99999970,100000000,100000060,99999985,100000147.0,100000241.5,100000225.0,100000271.5,100000102.0
99999865,99999550,99999430,99999760,99999464.29685976,100001118.72934039,100001199.02969162,100001284.6591343,100000988.82210177,100001272.22758432,99999980.36707133,99999976.0,99999979.0,99999979.0,99999977.5,99999964.70186971,99999971.06367464,99999981.12734433,99999971.06367464,99999957.56367464,100000000,100000044.43074597,100000044.43074597,100000044.43074597,100000000,99999312.06925403,100000092.70635234,99999053.45255134,100000298.63179262,99999793.56925403,99999456.44219777,99999546.54488876,99999660.439643,99999412.07054111,99999570.62926564
99999760,99999985,99999702.51249179,99999685,99999415,100000939.60175057,100000601.61947635,100000823.09917329,100000723.36818771,100000670.37076499,99999910.2715917,99999910.2715917,99999910.2715917,99999910.2715917,99999910.2715917,99999780.75128864,99999809.00257728,99999888.25386591,99999869.00257728,99999765.75128864,100000088.2284083,100000089.75128864,100000015,100000015,100000089.75128864,100000285.29846227,100000596.05326873,100001135.97964466,100001240.44983625,100000908.97524707,99998831.90082671,99998843.1469608,99998886.5658886,99999021.10112375,99998983.10635468
99999865,99999505,99999775,99999805,99999970,99999355.92529185,100000942.26903564,100001045.81147486,100000886.99036449,100000888.3618285,99999999.95890702,99999980.5,100000002.61399594,99999987.95890702,99999982.04109298,99999896.97442551,99999926.23182839,99999926.23182839,99999939.73182839,99999893.5442348,100000002.95890702,100000001.5,100000004.45890702,100000001.5,100000002.95890702,99993430.56894697,100000860.03229646,99999122.66751373,100002254.77435303,99999326.6374874,100000718.14862,100000794.0829554,100000650.97710802,100000817.3479965,100000436.24095763
99999445,99998395.19530979,99999640,99998533.56621943,99999670,100001151.56629094,100001429.80970484,100000891.56381136,100001361.83592609,100001085.08786638,99999977.5,99999972.95853509,99999975.97584838,99999955.61536007,99999983.5,100000116.60806963,100000119.04974723,100000125.62589762,100000098.26385877,100000142.56972705,100000000,100000000,100000015,100000000,100000000,99999796.13266265,100000031.5480808,99998765.52311052,99999645.96828334,100000720.79515746,99999890.78618023,99999761.3874655,99999708.42289567,99999821.80002354,99999771.34396762
99999715,99999820,99999685,99999985,99999580,99998111.5,99997760.5,99998600.5,99999541.0,99998617.0,99999974.5,99999974.5,99999974.5,99999974.5,99999993.5,99999897.0,99999882.0,99999874.5,99999897.0,99999882.0,100000015,100000015,100000015,100000015,100000015,100000300,100000278.5,100001800,100001845,100001744.5,100000616.0,100000792.5,100000270.5,100000353.5,100001185.0
99999355,100000255,99999848.15850593,100000651.28764792,100000435,100001430.60344613,100002385.24236135,100001400.80519782,100001273.92355402,100001662.31485337,100000028.45222272,99999933.99613906,99999979.50097995,99999989.3567483,99999916.59208392,99999836.5,99999821.5,99999836.5,99999835,99999836.5,99999985,99999985,100000016.50811532,99999985,99999985,99997923.80055101,100001545.91992216,99995875.10482629,100000511.8904229,100000094.29445095,99999398.42883015,99999351.32966742,99999400.86679539,99999275.5241941,99998955.09848383
99999865,99999400,99999475,99999730,99999535,100000318.91895479,100000599.63083689,100000372.49386953,100000400.24766564,100000368.96482265,99999982.0,99999982.0,99999979.5,99999982.0,99999982.0,99999777.75652917,99999762.25652917,99999796.75652917,99999775.20188347,99999793.75652917,100000016.5,100000015,100000015,100000015,100000015,99998776.74814066,100000001.0,99999879.0,99999889.5,99999833.5,100000730.0875474,100000751.98581992,100000292.8731666,100000323.69478495,100000566.62639081
99999625,99999550,99999700,99999944.04057138,99999880,100000202.5,100000196.5,100000186.0,100000193.62126094,100000160.5,99999964.0,99999983.5,99999977.5,99999977.5,99999983.5,99999850.0,99999865.0,99999880.0,99999865.0,99999850.0,100000019.5,100000019.5,100000016.5,100000034.5,100000018.0,99995507.5,99999996.75745057,100003253.45291877,99999171.84454575,100000761.2832526,100000283.5,100000369.0,100000745.5,100000532.5,100000436.5
99999805,100000075,99999692.40425134,99999445,99999505,100000125.44652611,100000190.26328522,100000209.1739757,100000132.64450324,100000091.55057186,100000000,100000000,100000000,100000000,100000000,99999917.80202287,99999902.80202287,99999939.11878198,99999919.30202287,99999943.61878198,100000000,100000001.80202287,100000016.80202287,100000000,100000000,99999589.23170666,100000040.5,99999893.5,99999863.0,99999924.82449807,100000516.60779697,100000578.40981984,100000340.77630162,100000167.06358826,100000173.35549676
99999505,99999865,99999700,99999144.6989403,99999415,100000586.02515857,100001274.73887107,100001486.13186821,100000291.25714368,100001396.81447402,99999954.2123983,99999936.1823126,99999954.2123983,99999984.21411206,99999956.49828625,99999984.3176874,100000039.13537481,100000024.13537481,99999984.3176874,100000030.13537481,100000015,100000098.97304858,100000098.97304858,100000015,100000098.97304858,99999880,100000166.91156296,100000428.2876017,100000382.97317755,100000315,99999199.25689861,99999044.64847521,99999255.57172231,99999358.49785574,99999129.90609755
99999715,99999685,99999376.27716647,100000090,99999445,99999654.1534435,100000001.5,99999595.6534435,99999985.0,99999977.5,99999967.93853442,99999949.0,99999957.8423196,99999959.46287827,99999965.5,99999941.5,99999956.5,99999925.0,99999926.5,99999980.70968325,100000016.5,100000015.0,99999985,100000001.5,100000001.5,100000937.88059333,99999795.62978235,99999982.0,99999906.00372809,100000151.13043927,100000341.32127273,100000559.91063637,100000414.27187113,100000382.02222584,100000455.29198188
99999625,100000427.40827505,99999610,99999985.59215204,99999970,100000527.44102716,100000181.36025679,100000459.2455632,100000550.25439264,100000482.44102716,100000142.0691298,100000012.0,100000010.5,100000010.5,100000071.66866773,100000217.22051358,100000244.22051358,100000266.11517459,100000131.86025679,100000353.58077037,100000116.86025679,100000016.5,100000016.5,100000016.5,100000016.5,100000818.9904002,99999923.5,99999969.25,99999984.25,99999985,99999335.11794567,99999158.11794567,99999139.2806102,99999026.5371753,99999198.61794567
99999700,100000020.25702932,99999625,99999940,99999700,100000051.26995164,100000088.98794842,100000014.83395809,100000049.55195487,100000047.83395809,99999942.4069685,99999984.78200322,100000003.0,99999983.28200322,99999984.78200322,99999991.21799678,100000010.71799678,99999976.21799678,99999982.21799678,99999995.71799678,100000016.5,100000016.5,100000000,100000016.5,100000001.5,99999388.0,99999512.93803763,100000013.5,99999880,100000180,100000368.10203546,100000483.60203546,100000451.23004836,100000417.38403869,100000162.16604191
100000600,100000600,100000284.5,99999505,100000177.4247801,99999103.0,99998872.0,99999545.5,99999241.0,99999551.5,100000000,99999979.0,99999964.0,99999979.0,99999979.0,99999867.5,99999840.5,99999852.5,99999852.5,99999867.5,99999985,99999985,100000000,99999985,99999985,99999206.0752199,100000853.5,100000013.5,100000028.5,99999968.5,100000570.0,100000567.0,100001102.5,100000531.0,100000558.0
100000120,99999880,99999970,99999760,99999640,100000235.83548716,100000016.82343687,100000189.99955812,99999788.12232651,100000263.8782104,99999994.0,99999995.5,99999995.5,99999995.5,99999995.5,99999956.50213489,99999947.50320233,99999947.50320233,99999947.50320233,99999947.50320233,100000007.50106744,100000007.50106744,100000009.00106744,100000007.50106744,100000007.50106744,99999408.18038137,99999793.0,99999897.25,99999621.96731012,99999996.75705597,100000498.86184065,100000056.36184065,100000257.9594371,100000377.11695054,100000466.3658831
99999550,99999715,100000060,99999639.4771203,99999640,99999347.84834392,99999797.40332966,99999786.36811751,99999803.7192709,99999796.2192709,99999999.43641135,99999997.93641135,99999999.43641135,99999994.93641135,99999997.93641135,99999898.96881403,99999958.60753216,99999934.04394351,99999903.75637877,99999949.94043753,100000000,100000015,100000000,100000015,100000000,100000016.72403026,100000215.00957878,99999999.68194397,99999954.99363707,99999589.1314757,100000886.82710178,100000851.72578447,100000567.73066762,100000551.54449408,100000565.59667034
99999700,100000825,100000747.78911799,100000570,99999490,99997240,99996715,99997555,99997555,99997525,100000001.5,100000016.5,100000001.5,100000001.5,100000016.5,99999646.12316522,99999673.12316522,99999826.24633044,99999700.12316522,99999732.4335495,99999985,100000000,100000000,99999985,100000016.5,100000790.475887,100004054.81019646,100002117.44693798,100001590.15107015,100000403.5,100000997.24450509,100000713.6189432,100000761.74450509,100000790.2377373,100001255.93172415
99999445,99999175.10509475,100000210,99999775,99999745,100000621.32513724,100000197.8368183,100000662.8368183,100000671.34849934,100000590.34849934,99999972.51168105,99999972.51168105,99999971.01168105,100000013.5,99999987.51168105,99999875.40398987,99999891.90398987,99999891.90398987,99999875.40398987,99999873.90398987,99999985,100000052.98831895,99999985,99999985,100000000,100002145.04424793,100000019.5,100000013.5,99999968.5,100000281.39266276,99999543.76028197,99999306.20016792,99999249.82777625,99999594.01702243,99999450.901981
99999565,99999444.19366033,99999790,99999805,99999535,99999360.43090115,99999509.12440602,99999439.8085835,99999559.52385518,99999358.40429175,100000013.17553647,100000002.67553647,100000011.67553647,100000017.67553647,100000002.67553647,99999830.4271154,99999885.57984924,99999860.97801614,99999867.23190254,99999904.43092218,100000000,100000000,100000000,100000000,99999985,99999480.17997289,100000034.92373215,100000079.5,99999965.9922272,99999988.06051357,100001137.89356238,100001193.82341935,100001099.42017178,100001111.80165254,100001160.39356238
99999610,99998975.10112485,99999505,99999490,99998083.28051925,100001713.4813399,100002278.50939555,100001728.52209958,100002104.90920964,100001482.62562034,99999982.0,99999982.0,100000000,99999997.0,99999982.0,100000025.84751728,99999963.20695798,99999929.3404091,99999988.26227312,99999934.02200843,100000055.17408922,100000000,100000040.2893199,100000067.81534468,100000054.90527968,100003180.08679734,100001051.66465133,99993221.64797874,100000295.44343169,99999867.77035455,99999591.86681403,99999137.83034329,99999511.25568591,99999559.07060961,99999610.07082498
99999850,100000195,99999550,100000075,99999955,99998635,99999085,99998905,99999145,99998770,100000000,100000000,100000000,100000000,100000000,99999899.5,99999899.5,99999898.0,99999914.5,99999884.5,100000000,100000032.22639751,99999985,99999985,100000017.22639751,99999835,99999790,99999880,100000435,99999895,100001095.0,100001224.77360249,100001628.27360249,100001314.0,100001222.5
99999580,100000045,99999910,99999955,99999550,100000389.55551466,100000330.92829473,100000172.42352517,100000178.34705034,100000147.0,99999929.5507451,99999982.07647483,99999982.0,99999983.5,99999979.0,99999899.42352517,99999884.42352517,99999884.42352517,99999884.42352517,99999884.5,100000016.5,100000001.5,100000001.5,100000003.0,100000001.5,99998357.5507451,99999758.5,100000656.55477192,99999755.5,99999878.5,100000366.07647483,100000572.64486764,100000300.0,100000375.0,100000404.097435
99999790,99999881.09333985,99999700,99999535,99999700,100000522.96166115,100000590.45236541,100000608.92563415,100000484.44422561,100000760.85410513,99999971.5,99999983.5,99999961.02983902,99999983.5,99999970.0,99999824.5,99999830.49070427,99999808.0,99999823.0,99999820.0,100000077.99070427,100000064.49070427,100000064.49070427,100000028.5,100000064.49070427,100000131.5081398,100000289.13128541,100000283.5,99999913.0,99999630.62931491,99999697.09295732,100000005.1633304,99999752.58366159,99999664.10225305,99999784.07436585
99999760,99999482.71463911,99999400.69370082,99999880,99999685,100000611.44743241,100000489.1403787,100000077.29087819,99999888.33768415,100000465.79244073,99999994.4544408,99999982.0,99999954.2603784,99999990.17556953,99999979.45398815,99999845.5,99999862.07001486,99999855.15140973,99999867.44586243,99999852.44586243,100000045.47032,100000048.92322433,100000037.61152786,100000000,100000035.42322433,100002282.37566598,100000158.5,100000220.5,100000316.78742386,100000075.98718818,99999815.5498945,99999481.0976559,99999473.34349345,99999509.02441543,99999576.03128572
99999685,99999625,99999760,100000000,99999805,100000177.0,100000199.5,100000172.5,100000148.0,100000174.0,100000000,100000000,100000000,99999983.5,99999982.5,99999958.0,99999958.0,99999943.0,99999959.0,99999943.0,100000001.5,100000000,100000001.5,100000000,100000001.5,99999584.5,99998773.0,99999986.5,100000978.0,99999718.0,100000198.5,100000583.0,100000170.0,100000407.0,100000124.0
100000090,99999820,99999640,100000411.97455053,99999775,99999293.5,99999304.7498686,99999412.7498686,99999729.6249343,99999766.7498686,99999986.8750657,99999997.0,99999997.0,99999986.8750657,99999997.0,99999733.3748029,99999735.9997372,99999719.8748029,99999719.8748029,99999717.2498686,100000050.6249343,100000025.1249343,100000038.6249343,100000000,100000034.1249343,99999950.5,99999671.5,99999865,99999804.3984128,99999993.6249343,100000848.62572269,100000735.3755913,100001151.25091979,100000968.62572269,100001027.12572269
99999625,99998912.90004939,100000015,99999925,99999970,99998767.15124261,99999652.15124261,99999210.01868048,99999650.85008581,99998694.01868048,99999968.5,99999970.0,99999985.0,99999968.5,99999930.43371893,99999865,99999880,99999895,99999865,99999865,100000041.06628107,100000000,100000041.06628107,100000041.06628107,100000056.06628107,100000180,100001132.5,100002928.95626631,100003085.7743293,100002745,99999195.48131952,99999049.04760058,99999301.59133427,99999098.74644378,99999489.11388165
99999880,99999805,99998886.03978446,99999970,100000030,100000810.6318685,100000915.99062932,100000954.45099382,100000735.94886695,100001457.91133493,99999982.0,99999958.0,99999972.93223366,100000000,99999987.93223366,99999914.60357037,99999896.60357037,99999907.10357037,99999914.60357037,99999921.60225415,100000036.0,100000036.0,100000036.0,100000036.0,100000015,99998718.67644884,99999857.41305439,99999766.0,99999599.92773975,99999859.37484379,99999815.73333496,99999833.18251088,99999782.82355116,99999762.22792877,99999944.28610651
99999916.39854899,99999865,99999865,99999895,99999730,100001781.45301026,100002295.9418472,100002189.43068415,100001841.4418472,100002076.98649943,99999973.34764312,100000000.0,99999937.01116306,99999937.01116306,99999973.34764312,99999970,99999985,99999970,99999970,99999985,100000049.48883694,100000049.48883694,100000049.48883694,100000047.98883694,100000046.48883694,99999355,100000433.34002541,100000240.4411541,100000070.32275902,99999790,99998106.04698974,99997998.04698974,99998053.24399884,99998456.174533,99998097.06931585
99999715,99999892.25834505,99999970,99999865,99999790,100002270.49434178,100002094.532359,100002186.93423553,100001960.01859213,100001989.98506859,99999973.60581832,99999965.09243666,99999995.5,99999995.5,99999997.0,99999986.38774674,100000055.8081439,99999971.70253952,100000025.53818636,99999952.40890624,100000031.5,100000078.8941228,100000000,100000000,100000000,99998900.59960818,99999370.990646,99999121.25005923,99999157.98218785,99999115.53341876,99999022.23103404,99998892.94812532,99999042.77588904,99998805.65454286,99998806.87364611
99999460,99999301.4286279,99999460,99999700,99999465.71938398,100000746.32026576,100000571.80394034,100000692.59559578,100000745.55825177,99999911.39651243,99999983.5,99999973.34102236,99999983.5,99999983.5,99999983.5,99999883.6648723,99999883.0,99999918.79839152,99999874.03318685,99999844.14087918,99999985,100000000,99999985,99999985,100000000,99999652.63032635,99999342.72246064,99999883.0,99999859.971564,99999194.62483892,100000659.47580256,100000526.17908964,100000351.86503986,100000522.95254207,100000685.77740581
100000083.57914883,100000060,100000262.2207879,99999985,100000336.58589262,100000125.13091183,99999693.46830821,99999380.2983911,100000002.96343255,99999823.46587038,99999925.66747928,99999937.66747928,99999940.66747928,99999922.66747928,99999922.66747928,99999918.33252072,99999918.33252072,99999903.33252072,99999933.33252072,99999918.33252072,100000075.83252072,100000078.83252072,100000090.83252072,100000059.33252072,100000059.33252072,100002409.2118462,100002217.0,100002385,100002175.09076828,100002430,99998025.53412962,99997463.87396383,99997643.53656745,99997807.8456858,99998085.03169179
100000045,100000210,99999805,100000060,100000105,99997448.5,99997801.5,99997862.5,99996436.5,99997894.0,99999978.0,99999978.0,99999978.0,99999978.0,99999978.0,99999679.5,99999681.0,99999634.5,99999679.0,99999649.5,100000022.0,100000022.0,100000022.0,100000005.5,100000007.0,100009280.36667572,99999804.5,100000442.5,100000122.25,100000428.5,100000837.13332428,100000527.5,100000772.0,100001130.25,100000695.0
99999175,99999505,100001335.0,100000795,99999880,99998920,99998770,99999145,99999235,99998770,100000000,100000000,100000000,100000000,100000000,99999821.5,99999793.0,99999826.0,99999809.5,99999824.5,99999985,99999985,99999985,99999985,99999985,99999505.0,99999850.0,100000076.5,99999517.0,100001123.5,100000805.5,100001020.0,100001108.5,100001143.0,100001321.5
99999850,99999859.00044374,99999910,100000030,99999475,100001906.388567,100001397.51840448,100001565.93700221,100001172.54914996,100001174.37908125,99999934.83243538,99999983.5,99999981.65242253,99999982.0,99999982.93346347,99999916.5064545,99999872.17126644,99999864.17126644,99999921.73780297,99999858.78095773,100000009.79281661,100000024.79281661,100000000,100000026.29281661,100000024.79281661,99998521.62155017,99999058.93847889,99996729.23791443,99999635.0,99999565.12155017,100000128.16966087,100000294.6645467,100000109.43804067,100000170.23931837,100000062.8389552
100000270,100000615,100000229.28137627,99999955,99999745,99997251.42728716,99996720.8644129,99996891.35561447,99996915.86441208,99997338.73634149,99999922.0,99999947.12690955,99999922.0,99999922.0,99999922.0,99999485.80905515,99999395.80905515,99999500.80905515,99999470.80905515,99999455.80905515,100000000,99999985,100000000,100000000,100000000,100004637.2718391,100003523.5,100003628.5,100003792.0,100003567.0,99999599.89936566,99999743.39056724,99999578.71838133,99999412.86387174,99999655.15434524
99999512.68015757,99999524.7102273,99999595,99999655,99999730,100000753.0809981,100000408.57599701,100000503.28311536,100000721.9814164,100000409.16016766,99999982.0,99999974.57098353,99999959.08550903,99999976.17014636,99999974.67014636,99999976.48606262,99999949.73344193,99999965.75721383,99999989.8526888,99999961.52652302,100000038.79308109,100000016.32616578,100000031.32616578,100000031.32616578,100000031.32616578,99999906.61113444,99999743.43956128,99999857.67014636,99999684.22446793,99999947.07342972,100000154.70801492,99999978.57086879,100000052.458575,100000006.62990102,99999996.19136144
99999625,99999580,99999610,99999672.24761583,99999775,100000297.4421432,100000030.0,100000280.78029794,100000018.0,100000019.5,99999988.16184527,99999988.0,100000003.16184527,100000001.66184527,100000004.66184527,99999964.16184527,99999991.32369053,99999991.32369053,99999989.82369053,99999989.82369053,100000015,100000015,100000015,100000015,100000015,99999586.31024097,99999790,100000016.5,100000001.5,99999985,100000249.36708313,100000399.5289284,100000375.0,100000330.69077367,100000371.0289284
99999430,99999745,99999760,99999700,100001111.1916534,99998545,99999130,99998740,99999190,99998575,100000000,100000075.31395778,100000000,100000000,100000000,99999899.5,99999901.0,99999901.0,99999941.93660334,99999914.5,100000061.93660334,100000000,100000078.31395778,100000093.31395778,100000015,100000195.31395778,100000735,100000045,100000043.5,99999880,100001507.62152332,100000896.3709622,100001216.06227443,100000837.93962887,100000835.18491998
99999850,99999970,99999880,99999235,99999415,100001532.1228526,100001564.85607873,100001137.02340259,100001679.59074362,100001524.92022361,99999998.99335846,99999943.49335846,99999943.49335846,99999982.49335846,99999997.0,99999886.0,99999853.0,99999884.5,99999835,99999835,100000069.0,100000069.0,100000015,100000069.0,100000069.0,99997505.6366432,99999905.5,99999900.93251532,99999757.0,99999889.0,99999525.28665832,99999463.49335846,99999709.49335846,99999296.67737278,99999808.49335846
99999685,99999490,99999895,99999700,99999330.29130684,100000751.03522803,100001063.6052071,100000966.11077808,100001149.22031526,100000804.3080886,99999983.5,99999983.5,100000000,99999979.7702909,99999983.5,99999837.11809352,99999837.88834679,99999770.80236843,99999797.03208129,99999779.03207938,100000000,100000002.2297091,100000003.0,100000001.5,100000003.0,99994454.17655897,99997095.80534104,100000064.91806349,100004142.30730571,99999187.98376244,100000372.71817698,100000855.25218937,100000722.98847163,100000805.9734292,100000501.43280785
99999265,100000060,99999955,99999790,100000030,99999153.41150817,99999763.21683262,99999279.28505,99999092.02034482,99999836.4736048,99999988.59043032,99999988.59043032,99999988.59043032,99999988.59043032,99999988.59043032,99999706.5,99999736.5,99999737.90956968,99999739.31913936,99999732.5,100000015,100000015,100000015,99999985,100000015,99999960.7038156,100000602.15137577,100000174.61876401,100000150,100000067.62645817,100000690.90763119,100000619.2038156,100001072.49806151,100000776.2038156,100001020.99806151
99999670,100000540,100000705,100000137.57138114,99999557.90241005,100002851.21844788,100003033.12395708,100002535.61018407,100002860.21844788,100002773.01569328,99999925.4835181,99999964.65068442,99999925.4835181,100000000.0,99999983.5,99999685.2027546,99999685.2027546,99999748.4055092,99999690.3890273,99999688.8890273,100000021.0,100000094.7027546,100000111.2027546,100000094.7027546,100000094.7027546,99999584.98622699,100001419.2027546,99999863.5,99999998.82626896,99999803.5,99997230.18977022,99996944.78155212,99996671.17328832,99996911.57879752,99998195.08300789
99999730,100002861.75,99999715,99999370,99999715,100000415.5,100000390.0,100000345.0,100000217.5,100000597.0,99999902.5,99999902.5,99999902.5,99999902.5,99999902.5,99999852.5,99999854.0,99999852.5,99999862.0,99999847.0,100000097.5,100000097.5,100000000,100000099.0,100000097.5,99999235.75,100000609.0,100000562.0,100000622.5,100000691.5,99999338.5,99999052.0,99999124.0,99999128.5,99999107.5
99999565,99999445,100000015,99999850,100000030,99998914.09392618,99998975.57130225,99998862.40848148,99998856.94142085,99999238.08463356,99999960.27928957,99999960.27928957,99999960.27928957,99999975.27928957,99999975.27928957,99999880,99999850,99999850,99999865,99999850,100000015,100000015,100000015,100000015,100000015,99999659.5,100000204.59082903,100000957.31377752,100000978.0,100000967.5,100000870.26440969,100000936.79262088,100000894.26440969,100000685.3567873,100000892.9209537
99999820,99999700,99999655,99999715,99999610,100000040.5,100000039.0,100000043.5,100000045.0,100000056.38791075,100000000,100000000,100000000,100000000,100000000,99999985,99999985,99999985,99999985,99999985,100000001.5,100000001.5,100000001.5,100000000,100000000,99999863.5,99999928.61208925,100000000,99999985,99999970,100000303.0,100000288.0,100000301.5,100000180.0,100000526.5
99999685,99999190,99999940,99999835,99999685,100000112.5,100000130.5,100000114.0,100000123.0,100000136.5,99999983.5,99999983.5,99999983.5,99999983.5,99999983.5,99999991.0,99999976.0,99999977.5,99999977.5,99999992.5,100000016.5,100000016.5,100000016.5,100000016.5,100000016.5,99999522.25,99999865,100000105,100000045,99999925,100000322.5,100000477.75,100000319.5,100000303.0,100000249.0
99999880,99999895,99999925,100000120,99999970,100000043.5,100000043.5,100000046.5,100000052.5,100000048.0,100000000,99999983.5,99999980.5,99999982.0,99999982.0,99999955,99999955,99999955,99999955,99999955,100000000,100000000,100000000,100000000,100000000,99999805,99999905.5,100000010.5,100000012.0,100000070.5,100000090.0,100000072.0,100000162.0,100000054.0,100000091.5
99999700,99999610,99999505,99999745,99999610,100000102.0,100000190.5,100000100.5,100000247.5,100000298.5,99999983.5,99999968.5,99999994.0,99999982.0,99999995.5,99999836.5,99999869.5,99999869.5,99999851.5,99999854.5,100000015,100000016.5,100000016.5,100000016.5,100000016.5,99999580,99999865,100000060,99999985,99999985,100000334.5,100000520.5,100000544.5,100000441.0,100000289.5
99999505,99999925,99999895,99999490,99999790,99999480.0,99999688.0,99999107.0,99998947.0,99999468.0,99999978.5,99999978.5,99999979.5,99999983.0,99999980.0,99999800.5,99999843.0,99999843.0,99999814.0,99999841.5,100000019.0,100000022.0,100000007.0,100000022.0,100000019.0,100004258.788106,99999362.5,100000051.0,99999947.0,99999592.0,100000198.5,100000661.0,100000798.6061305,100000318.10576351,100000387.0
99999490,99999550,99999745,99999820,99999745,99999669.5,99999631.5,100000027.5,99999986.0,100000005.0,100000008.0,100000009.5,100000013.5,100000008.0,100000009.5,99999891.5,99999877.0,99999866.5,99999866.0,99999892.0,100000000,100000000,100000000,100000000,100000000,99999866.5,99999832.0,99999969.25,99999943.0,99999957.25,100000677.5,100000641.0,100000766.5,100000518.5,100000717.5
99999550,100000777.54411754,99999925,100000195,100000195,99997450,99997135,99997285,99997150,99997210,100000000.0,99999995.16684958,100000000.0,100000015.0,100000000.0,99999386.5,99999386.5,99999416.5,99999446.5,99999401.5,100000032.36071444,100000045.86071444,100000032.36071444,100000032.36071444,100000032.36071444,100001600.2927091,100002235.86071444,100002283.22142887,100002365.64633007,100002310.86071444,100001159.03214121,100001109.53214121,100000917.75357008,100001005.17142677,100000917.11428452
99999823.66465989,99999685,99999880,99999910,99999940,100000617.61980715,100000920.63877162,100000549.36032492,100000142.87928939,100000478.87928939,100000013.5,99999997.0,99999970.74051777,99999997.0,99999997.0,99999955,99999955,99999970,99999970,99999970,100000000,100000042.75948223,100000039.75948223,100000039.75948223,100000039.75948223,99999161.5,100001365,100000030,99999820,99999730,99999497.10174614,100000088.12071061,99999383.89915732,99999515.89915732,99999503.15863955
99999925,99999804.10614529,99999886.4567548,99999640,99999505,100000416.9499974,100000469.24907164,100000547.4823289,100000572.71948496,100000440.6115333,99999980.5,100000000,100000000,99999993.65804245,100000000,100000030.11662863,100000030.11623101,100000028.61662863,100000030.11662863,100000028.61662863,100000000,100000000,100000002.66902938,100000029.66902938,100000001.5,100000045.67217597,99999374.74888104,99999723.35539167,99999517.90092513,99999830.541793,100000070.260825,100000015.4270459,100000052.260825,100000037.08898713,99999969.58898713
99999715,99999460,99999910,99999970,100000000,100000137.78126563,100000084.0,100000474.48808819,100000078.0,100000103.5,100000000,100000000,100000000,100000000,100000000,99999987.83771594,100000004.33771594,99999985,99999989.33771594,99999987.83771594,100000016.5,100000016.5,100000016.5,100000016.5,100000016.5,99999220,99999820.0,100000010.5,100000168.21873437,99999941.5,100000159.32456812,100000184.2559559,100000163.5,100000172.58052403,100000190.5
99999423.15758257,99999820,99999330.59003787,99999250,99999520,100001096.75293148,100001127.9600679,100001089.28899397,100001519.91924804,100001075.44472404,99999934.82973719,99999982.95613112,99999982.0,99999976.16610444,99999982.98698828,99999961.07787776,99999947.44032986,99999951.97433874,99999931.07787776,99999961.07787776,100000043.53400888,100000042.03400888,100000042.03400888,100000042.03400888,100000042.03400888,99999383.03400888,99999231.48242079,99999659.5,99999679.0,99999756.47161652,99999931.57970397,99999819.3462927,99999793.135834,99999750.08725336,99999919.99197665
99999340,99999430,100000240,100000090,99999625,100000300.2618995,100000221.99661255,100000233.71615228,100000420.08000952,100000220.49661255,99999982.0,99999982.0,99999980.5,99999974.5,99999982.0,99999817.99971771,99999822.49971771,99999793.74957657,99999837.49971771,99999822.49971771,100000023.74985886,100000023.74985886,100000000,100000023.74985886,100000015,99999420.53003684,99999839.5,99999858.25,99999726.25,99999751.0,100000807.42817211,100000304.25409317,100000350.00366974,100000471.75381088,100000267.98090687
99999580,99999805,99999565.00786424,99999475,99999505,100000166.5,100000560.98741722,100000538.48741722,100000153.0,100000171.0,99999983.5,99999901.00157285,99999901.00157285,99999983.5,99999983.5,99999896.5,99999881.5,99999881.5,99999895.0,99999881.5,100000001.5,100000016.5,100000001.5,100000016.5,100000016.5,99999295,100000000,100000045,100000194.99528146,99999985,100000286.5,100000354.0,100000433.5,100000376.50943708,100000268.50943708
99999820,99999715,99999731.5,99999745,99999776.5,100000288.0,100000319.5,100000321.0,100000325.5,100000288.0,100000000,100000000,100000000,99999982.0,100000000,99999941.5,99999926.5,99999911.5,99999874.0,99999911.5,100000016.5,100000016.5,100000031.5,100000001.5,100000001.5,99999845.5,99999971.5,100000034.5,100000183.0,100000022.5,100000027.0,99999983.5,99999976.0,99999949.0,100000063.0
99999308.26767406,99999760,99999550,99999430,99999398.09025978,100000214.29289114,100000284.90745214,100000101.56825764,100000301.00489679,100000340.67777532,100000000,99999998.5,99999982.0,99999983.5,100000049.78351349,99999935.05101794,99999942.03694683,99999963.90772937,99999987.14168009,99999966.39963207,100000040.15203679,100000018.0,100000016.5,100000016.5,100000001.5,100000065.81242462,100000095.52840497,99999859.5140711,99999862.50601798,100000163.21035047,100000152.18505722,100000261.93746194,100000461.71954067,100000194.69222699,100000293.11268058
99999700,99999355,99999805,99999565,99998488.64301915,100001062.64650534,100001779.01509528,100001307.10294771,100001371.84630616,100001667.10229003,99999976.0,99999982.89784266,99999976.0,99999927.39784266,99999927.39784266,100000119.409185,100000124.80702767,100000187.511898,100000105.01134235,100000128.90603364,100000099.60271299,100000017.10215734,100000099.60271299,100000000,100000000,99999151.0987571,99999637.60148494,99999513.90416686,99999530.47627626,99999571.0,99999697.85267116,99999730.93771194,99999428.20567465,99999561.37612288,99999404.54437257
99999385,99999738.25571302,99999535,99999610,99999370.53443994,99999589.38344465,99999756.4158856,100000496.73419552,99999786.61630636,100000634.70677611,100000055.14527738,100000055.09335408,100000024.16083655,100000053.59335408,100000055.21426842,99999773.62235416,99999851.75756088,99999777.82342708,99999814.45946172,99999889.45946172,100000038.32277422,100000079.53405322,100000015.34130731,100000103.74793427,100000102.24793427,99998328.89416331,100001691.78758332,100000735.39242117,100000670.67832506,100001303.89706928,99999927.19371,99999980.6002361,99999947.9239056,100000045.49121085,99999775.97125478
99999820,99999847.0920266,99999640,99999850,99999655,100000813.05237895,100000302.07228738,100000686.82463303,100000352.07503276,100000293.2312561,100000000,99999983.46820626,99999983.5,99999983.46820626,99999960.56084211,99999944.53179374,99999946.03179374,99999944.53179374,99999944.53179374,99999946.03179374,100000000,100000000,100000000,100000000,100000000,99999377.03808714,100000264.17598686,99999796.27703586,99999837.49734685,99999836.09521773,100000111.95950636,100000035.18196762,99999871.15279768,100000116.5548876,99999858.06332813
99999685,100000060,99999835,99999445,99999535,100000111.0,100000130.5,100000213.0,100000151.81531702,100000195.0,99999983.5,99999983.5,99999982.0,99999995.5,99999971.5,99999927.5,99999926.0,99999956.0,99999951.5,99999938.0,100000001.5,100000000,100000001.5,100000001.5,100000016.5,99998930.18468298,100000030.0,99999854.0,99999751.0,99999545.5,100000816.0,100000352.5,100000799.5,100000480.0,100000444.0
99999745,99999505,99999764.5,99999949.0,99999715.0,100000319.5,100000384.0,100000376.5,100000354.0,100000372.0,100000000,100000000,100000000,100000000,99999983.5,99999889.0,99999877.0,99999875.5,99999892.0,99999869.5,100000028.5,100000015,100000016.5,100000043.5,100000028.5,99999539.5,99999811.0,99999872.5,99999749.5,99999850.0,100000340.5,100000099.0,100000208.5,100000082.5,100000444.0
99999400,99999745,99999820,100000030,99999610,100000527.31786516,100000396.11413889,100000494.82856676,100000300.62986445,100000416.71046717,99999952.20262593,99999937.20262593,99999937.20262593,99999938.70262593,99999953.70262593,99999915.32259518,99999944.67693101,99999959.67693101,99999916.37955694,99999856.58218287,100000058.53936653,100000058.53936653,100000000,99999985,100000000,99999583.0,100001311.099404,100000047.45755775,100000198.6850307,99999728.400596,99999755.61864755,99999752.82127348,99999871.46425715,99999763.70624961,99999833.41602162
99999835,99999700,100000090,99999580,99999541.58572593,100000558.84987192,100000384.45245208,100000219.88251539,100000436.92106694,100000763.1285452,99999979.55604938,100000042.48730592,99999964.55604938,100000003.88389781,100000025.98730592,99999944.33185187,99999923.39499386,99999939.15930608,99999957.2758025,99999948.1316042,100000001.5,100000053.86599079,100000001.5,100000030.94395062,100000000,100000440.3510033,99999663.25,99998960.54169999,100000306.76645437,99999867.25,99999878.8909899,100000182.98495817,100000041.2626839,99999901.77035059,99999830.53757401
99999730,99999700,99999490,99999670,99999760,100000195.62826358,100000426.94891538,100000165.77136266,100000241.11865225,100000377.34396583,99999978.39291613,99999978.35640033,99999982.22286373,99999981.24953659,100000004.27713627,99999986.5,99999986.5,99999986.5,99999986.5,99999986.5,100000016.5,100000022.27713627,100000023.77713627,100000018.0,100000022.27713627,99999205.0,100000114.95405786,99999934.0,99999836.5,99999884.84238301,100000264.78868347,100000256.39722854,100000312.342956,100000203.7445861,100000270.78868347
99999820,99999625,99999835,99999745,99999295,100000171.47973353,100000177.47973353,100000108.09857273,100000130.03915313,100000167.71741194,99999983.5,99999982.0,99999982.0,99999983.5,99999997.0,99999884.5,99999854.5,99999869.5,99999884.5,99999892.9405804,100000001.5,99999985,99999985,99999985,99999985,99999439.0,99999935.5,100000072.0,99999772.0,99999938.5,100000581.90142727,100000437.34200767,100000465.07968608,100000525.46084687,100000502.96084687
99999520,99999851.03314605,99999670,100000150,100000137.18671812,99998332.01227725,99998215.0,99997757.13420793,99997766.13420793,99998416.0,100000009.0,100000018.37806931,100000018.37806931,100000066.0,99999961.86438945,100000064.87806931,100000012.37806931,100000045.37806931,100000030.37806931,100000021.37806931,100000052.5,100000000,100000000,100000033.0,100000015,100000878.2835164,100001225.12136437,100001564.5,100001781.25613862,100001633.5,100000553.5,100000546.74386138,100000511.12193069,100000602.96175662,100000540.0
99999517.58874315,99999803.79437158,99999610,99999730,100000000,100000315.02814212,100000323.73377055,100000252.0,100000217.5,100000249.0,99999983.5,99999983.5,99999983.5,99999983.5,99999983.5,99999860.5,99999859.0,99999875.5,99999845.5,99999860.5,100000016.5,100000027.0,100000025.5,100000018.0,100000016.5,99999835,99999983.5,100000088.5,100000143.41125685,99999925,100000064.5,100000139.5,100000211.1774863,100000186.88311473,100000081.88311473
99999745,99999790,99999895,99999730,99999670,99999863.32694247,99999716.8533948,99999874.90867807,99999885.38705488,99999887.57935704,99999991.0,100000000.0,99999991.0,100000001.5,100000006.93135647,99999826.0,99999809.5,99999826.93135647,99999826.93135647,99999825.43135647,99999985,99999985,99999985,100000015,99999985,99999394.0,99999612.16332723,99999766.0,99999616.0,99999794.5,100000799.5,100000911.34988903,100000978.56864353,100000756.0,100001253.63728705
99999385,99999640,99999805,99999880,99999595,100000166.4529263,100000166.4529263,100000175.4529263,100000212.67591959,100000228.89891289,100000000,100000000,100000000,100000000,100000000,99999929.90766443,99999944.90766443,99999929.90766443,99999929.90766443,99999929.90766443,100000016.5,100000001.90766443,100000018.40766443,100000000,100000015,99999945.59233557,99999877.0,99999964.0,99999914.5,99999350.5,100000259.82408041,100000528.60108711,100000450.32408041,100000507.73174484,100000230.63940927
99999505,99999370,99999655,99999490,99999484.16286789,100000710.30240105,100000853.31450163,100000854.50698818,100000791.04923391,100000846.25950514,99999983.5,99999954.86562692,99999977.36562692,99999983.5,99999983.5,99999953.76874617,99999919.13437308,99999927.33485225,99999991.40311925,99999934.13437308,100000034.63437308,100000033.13437308,100000033.13437308,100000000,100000034.63437308,99999826.13437308,99999871.57107404,99999851.92616518,99999644.55350374,99999714.25,99999829.67665495,100000174.45948708,99999919.99034709,99999905.20482688,99999958.59386016
99999475,99998396.2220741,99999625,99999535,99997982.0842443,100001401.1438017,100001956.52184299,100002163.09047246,100001826.8517098,100001192.75117044,100000027.2973036,99999972.54268162,99999992.5,99999959.04268162,100000007.5,100000045.4038836,100000184.16774955,100000154.16774955,100000043.30506188,100000136.03177878,100000000,100000080.25462198,100000000,100000000,100000065.25462198,100000272.43399452,100000743.40947714,99998853.52382112,99999473.99295604,99999223.6953755,99999393.77542284,99999472.90567744,99999362.82967496,99999394.67749907,99999587.6226514
99999955,99999631.95414229,99999985,100000000,99999745,100000290.65182634,99999877.93396376,100000161.64173707,100000458.34169114,99999915.09587936,99999996.5,100000003.0,100000007.5,99999996.5,100000007.5,99999962.0,99999975.39001924,99999970.5,99999976.5,99999985.5,100000004.5,100000006.0,100000001.5,100000001.5,100000004.5,99999962.42011596,99999667.89434865,99999913.0,99999826.0,99999896.0,100000201.90412064,100000256.47426409,100000075.62614715,99999940.16165505,100000341.01008926
99999640,99999880,100000135,99999610,99999640,99999667.74249199,99999677.3454952,99999581.3454952,99999773.3454952,99999651.3969968,99999974.5,99999974.5,99999974.5,99999989.5,99999974.5,99999875.9484984,99999875.9484984,99999890.9484984,99999875.9484984,99999890.9484984,100000015,100000015,100000000,100000015,100000000,99999790,99999878.5,100000013.5,99999738.04511863,100000069.96989739,100000726.6030032,100000588.1545048,100000711.6030032,100001131.6030032,100000753.6030032
99999940,99999565,99999820,99999532.41041668,99999700,100000131.59463876,100000152.96687865,100000343.06151742,100000357.68927753,100000124.46687865,99999983.5,99999965.12776011,99999965.12776011,99999979.0,99999983.5,99999968.11671966,99999951.61671966,99999961.0,99999960.24447978,99999966.24447978,100000016.5,100000016.87223989,100000016.5,100000016.5,100000016.87223989,99998900.11671966,99999901.0280659,99999953.5,100000013.5,99999848.5,100000157.89432079,100000243.0220809,100000436.92744213,100000498.41640168,100000613.18296236
99999730,99999786.25,99999745,99999655,99999745,100000330.0,100000301.5,100000234.0,100000297.0,100000289.5,100000000,100000000,100000000,100000000,100000000,99999997.0,100000006.0,100000006.0,99999997.0,100000006.0,100000006.0,100000006.0,100000022.5,100000006.0,100000022.5,99999761.5,99999795.25,99999832.0,99999827.5,99999839.5,100000142.5,100000160.5,100000213.0,100000084.0,100000156.0
