0,1,2,3,4,5,6,7,8,9,10,11,12,13,14,15,16,17,18,19,20,21,22,23,24,25,26,27,28,29,30,31,32,33,34,35,36,37,38,39,40,41,42,43,44,45,46,47,48,49,50,51,52,53,54,55,56,57,58,59
99999655,99999775,100000329.16990247,100000060,99999520,99999820,100000000,100000240,100000075,99999820,99999038.33889449,99999969.03622523,99999709.66227111,99999888.60751009,99999047.33889449,100000022.33889449,99999174.72459583,100000018.76182704,99999946.99321143,99999482.22459583,99999915.42871514,99999915.42871514,99999915.42871514,99999915.42871514,99999915.42871514,99999915.42871514,99999915.42871514,99999915.42871514,99999915.42871514,99999915.42871514,100000050.64256972,99999967.57128486,100000017.64256972,99999982.57128486,100000035.64256972,100000037.14256972,99999967.57128486,99999967.57128486,100000035.64256972,99999967.57128486,100000071.7686156,100000066.57128486,100000086.7686156,100000086.7686156,100000066.57128486,100000071.7686156,100000016.5,100000086.7686156,100000086.7686156,100000081.57128486,100000568.74543284,100002430.1279838,100001476.63194317,100003023.62832068,100000463.03174469,99999853.65213323,99998913.64518769,99999293.86044821,99999244.00884736,99999234.78916335
100000360,99999400,100000570,100000435,99999880,100000585,99999865,99999893.46861058,99999730,99999921.56376538,99999366.68557754,99999562.64310583,99999467.0594122,99999419.18557754,99999435.60665128,99999419.18557754,99999498.60241985,99999363.68557754,99999320.18557754,99999348.68557754,100000018.0,100000000.0,100000002.99742915,100000000.0,100000018.0,99999998.85717504,100000000.0,100000018.0,100000000.0,99999998.5,99999922.06719701,99999948.86967304,99999979.15451775,99999853.18061323,99999884.52640511,99999915.44281696,99999961.77686691,99999912.67145284,99999954.45437515,99999914.68860775,100000015,100000000,100000000,100000000,100000000,100000000,100000015,100000015,100000000,100000000,99999841.93614234,100000915.30866061,100000475.5,99996459.1843584,99999970.86805595,100001354.5,100001965.9639653,100001481.18179816,100001406.18179889,100001941.63066003
100000150,99999955,99999850,99999700,99999775,99999436.93885106,99999208.68946369,100000345,99999700,100000315,99999856.75440623,99999805.61773916,99999841.75440623,99999927.51305935,99999691.75440623,99999638.60518211,99999762.72400618,100000007.85852991,99999891.98321542,99999686.22401625,100000021.33621301,100000003.13666707,99999996.54460545,100000003.71325326,99999996.93823239,99999996.54460545,100000027.79719342,99999993.64683828,100000013.49998623,99999988.13666707,99999868.53885578,99999845.0,99999810.25862247,99999853.0,99999854.5,99999846.72489546,99999839.5,99999854.5,99999854.5,99999838.0,100000052.24079075,100000040.64356624,100000052.24079075,100000052.24079075,100000037.24079075,100000046.78023331,100000052.24079075,100000052.24079075,100000052.24079075,100000040.64356624,100000971.12098053,100000183.46385472,100000122.57231614,100000508.5,100000281.0023889,100000391.90696976,100000689.99999371,100000608.88281114,100000367.14240137,100000344.42146553
100000090,99999801.12942424,99999940,99999535,100000315,99999756.93197082,100000285,99999602.54635589,99999610,99999940,99999497.01845667,100000114.777685,99999918.51845667,100000110.51845667,99999940.53691334,99999330.277685,100000108.777685,99999362.78607035,100000120.53691334,100000119.03691334,99999976.24074577,99999974.74077167,99999974.74077167,99999976.24074577,99999974.74077167,99999974.74077167,99999974.74077167,99999974.74077167,99999974.74077167,99999983.5,99999845.25922833,99999808.0,99999831.75922833,99999830.25922833,99999845.25922833,99999806.5,99999801.75922833,99999860.25922833,99999815.25922833,99999815.25922833,100000007.25922833,100000022.25922833,100000016.5,100000016.5,100000016.5,100000016.5,100000016.5,100000016.5,100000016.5,100000016.5,99999499.0,99999859.65683421,99999984.0610619,100001242.0,100000400.71168011,100000665.98126331,100001099.78850928,100000481.20385833,100000519.722315,100000569.222315
99999730,100000180,99999865,100000105,99999700,99999835,99999670,99999695.2305457,99999910,100000300,100000097.5,100000135.40778172,100000135.40778172,100000302.65418145,100000120.40778172,100000116.93083629,100000103.5,100000142.90778172,100000111.0,100000144.0,99999978.52305457,99999980.02305457,100000000,100000000,99999979.0,99999983.5,100000000,99999978.52305457,99999982.0,99999980.5,99999989.97694543,99999970.47694543,99999991.47694543,99999973.47694543,99999989.97694543,99999970.47694543,99999971.97694543,99999989.97694543,99999970.47694543,99999970.47694543,100000001.5,100000016.5,100000016.5,100000001.5,100000001.5,100000016.5,100000016.5,100000016.5,100000001.5,100000016.5,99999475.0,99999296.5,99999022.0,99999530.5,99999647.5,100000497.66138199,100000696.27665484,100000391.5,100000578.11527285,100000709.16138199
99999850,99999985,100000180,99999182.68016532,99999128.46472012,99997683.5681613,99999535,99999775,99999820,99999425.85825598,99999890.75719866,100000106.46376465,99999564.33859771,99999539.71479024,99999519.10383992,99999664.85444951,100000272.92364664,99999590.60862193,100000075.08782013,99999654.39803106,100000025.47991137,100000008.41437119,99999964.91463278,100000008.41437119,100000026.97991137,100000027.8126702,100000010.64164227,100000008.41437119,100000013.5,100000012.10298733,99999909.09865057,99999897.09865057,99999895.59865057,99999892.59865057,99999909.09865057,99999879.09865057,99999894.09865057,99999909.09865057,99999910.59865057,99999894.09865057,100000015,100000052.09689525,100000015,100000000,100000000,100000052.09689525,100000015,100000070.99325398,100000022.09865057,100000067.09865057,100000932.72813891,100000298.8343222,100002915.88735987,100003000.25157104,100001428.43776526,99999970.20966214,99999888.72083883,99999830.14863212,99999918.91776915,99999965.49615704
99999640,99999696.52415879,100000435,100000180,99999580,99999679.9580201,99999865,99999715,100000075,100000270,100000343.98395042,100000362.94684695,100000319.12013784,100000377.40703028,100000283.71539868,100000358.44684695,100000318.8515861,100000391.81414539,100000443.16734748,100000336.21917102,99999998.5,99999983.5,99999998.5,99999979.75702715,99999998.5,99999998.5,99999997.26855174,99999997.0,99999977.22781518,99999998.5,99999888.87857339,99999900.19434479,99999882.19434479,99999884.92579305,99999868.96289653,99999873.19434479,99999868.96289653,99999868.96289653,99999891.61002165,99999882.19434479,100000016.5,100000016.5,100000031.8267091,100000016.5,100000026.73144826,100000016.5,100000025.23144826,100000016.5,100000031.8267091,100000002.73144826,99999219.86273794,99999806.5,99999380.5,99998162.2661623,99999335.5,100000380.03209916,100000567.85880826,100000413.35880826,100000642.55868623,100000481.22644395
99999854.31260383,99999805.82487307,99999595,99999940,99999760,100000075,99999895,99999730,99999955,99999769.29341628,100000118.39638919,100000131.80024414,100000150.09944686,100000233.29565236,100000176.42038333,100000095.23363444,100000186.92709187,100000208.85096014,100000120.14994135,100000116.43669212,99999960.7994851,99999973.99172382,99999983.5,99999960.7994851,99999977.41234282,99999974.04030293,99999959.6493185,99999959.6493185,99999960.7994851,99999974.04030293,99999908.98834114,99999929.98834114,99999929.98834114,99999931.54457186,99999920.8868123,99999920.8868123,99999938.98834114,99999929.98834114,99999929.29050282,99999922.48834114,100000016.60152884,100000016.60152884,100000000,100000016.60152884,100000016.5,100000001.60152884,100000016.5,100000016.60152884,100000016.60152884,100000016.60152884,99999701.36267737,99999913.1641588,100000017.97065228,99999305.07681908,99999682.83442612,100000692.95956951,100000360.61068195,100000358.70995039,100000612.4362991,100000355.90222363
99999505,100000150,99999700,100000630,100000208.86178218,100000075,99999697.39099774,100000330,100000345,100000240,100000481.46254298,100000577.61774388,100000740.74138275,100000379.00881088,100000678.04245274,100000414.47724885,100000623.35552408,100000763.40100361,100000758.43777397,100000585.11286496,99999872.42009024,99999872.42009024,99999888.92009024,99999902.76064737,99999935.50142814,99999980.5,99999872.42009024,99999872.42009024,99999891.14242491,99999935.50142814,99999578.65266211,99999577.15266211,99999548.65266211,99999508.0,99999578.65266211,99999608.65266211,99999601.30532423,99999608.65266211,99999593.65266211,99999593.65266211,100000015,100000112.5822499,100000070.65266211,100000054.15266211,100000015,100000055.65266211,100000015,100000070.65266211,100000054.15266211,100000015,100000278.5,99999435.34749499,100000846.79603572,100000226.50253879,100001105.80708368,99999261.39613442,99999330.7069006,99999416.48113208,99998985.09039022,99998931.58359952
100000075,100000090,100000075,99999940,99999895,99999670,99999655,100000000,99999805,99999385,100000412.5,100000435.1166221,100000436.04791212,100000570.5,100000429.0,100000527.5,100000487.5,100000484.5,100000423.1166221,100000433.5,99999983.5,99999983.5,99999983.5,99999983.5,99999982.0,99999983.5,99999983.5,99999981.0,99999982.0,99999983.5,99999985,99999985,99999989.0,99999985,99999989.0,99999985,99999985,99999989.0,99999985,99999989.0,100000016.5,100000016.5,100000000,100000016.5,100000016.5,100000016.5,100000016.5,100000016.5,100000016.5,100000000,99999280.0,99999221.5,99997787.26675579,99998563.0,99998342.95208788,100001111.5,100000760.5,100000496.5,100000591.5,100000788.5
99999535,99999715,100000030,100000105.0,100000120,99999640,100000090,99999760,99999610,100000123.0,99999724.0,99999697.0,99999451.0,99998813.5,99999790.0,99999824.5,99999748.0,99999761.5,99998728.0,99999767.5,99999977.5,99999977.5,99999977.5,99999977.5,99999977.5,99999977.5,99999977.5,99999977.5,99999977.5,99999977.5,99999850,99999820,99999820,99999835,99999835,99999805,99999820,99999805,99999820,99999820,100000022.5,100000022.5,100000022.5,100000024.0,100000022.5,100000022.5,100000022.5,100000021.0,100000021.0,100000022.5,99999848.5,100000253.5,100000868.5,100001543.5,100000928.5,100000897.0,100000787.5,100000897.0,100000883.5,100000831.0
99999808.26801679,99999831.37833378,99999535,99999850,99999445,99999760,99999775,99999745,99999865,100000390,100000277.5,100000364.51385571,100000318.01385571,100000277.5,100000268.5,100000301.51385571,100000358.5,100000348.0,100000338.78747715,100000247.5,99999983.5,99999982.0,99999983.5,99999983.5,99999983.5,99999983.5,99999983.5,100000000,99999982.01040089,99999983.5,99999862.20474079,99999901.82667108,99999907.0,99999916.01385571,99999892.0,99999884.66110681,99999911.0,99999880.20474079,99999876.55491619,99999886.5301418,100000000,100000003.0,100000000,100000016.5,100000001.5,100000000,100000016.5,100000000,100000054.01385571,100000001.5,99999812.70554325,99999934.55803128,99999564.39192542,99998617.43978633,99998728.88407977,100000650.59051841,100000875.96714546,100000434.79525921,100000687.0,100000729.17188625
99999895,99999820,100000345,99999610,99999401.28010167,99999865,99999555.82175006,99999640,99999730,100000285,100000450.48967263,100000398.86413407,100000201.22608122,100000468.65821576,100000470.94592321,100000456.09923072,100000245.73729661,100000264.4686941,100000445.70503798,100000446.12593716,99999983.5,99999995.7751898,99999977.23634388,99999983.5,99999977.23634388,99999998.7751898,99999998.7751898,99999983.5,99999965.23634388,99999983.5,99999758.76184951,99999852.06894298,99999834.10648811,99999774.07008442,99999777.40859427,99999768.4974403,99999753.74357891,99999757.72225049,99999805.31025507,99999773.53178775,100000001.5,100000020.89419274,100000016.5,100000000,100000001.5,100000019.3731495,100000001.5,100000016.5,100000001.5,100000002.26030305,100000393.67831782,100002621.20860142,99999107.80702242,99998094.58668026,99996753.31665604,100000490.87059638,100000510.6342525,100000949.87558329,100000496.753701,100000802.06299554
100000540.07980382,99999715,100000885,100000765,100000599.31089401,99999850,100000750,100000855,99999745,100000960,100000029.50713386,100000029.50713386,100000096.37094851,100000187.3666903,100000063.25075692,100000136.3666903,100000340.22559234,100000062.50713386,100000090.62306723,100000424.68635814,99999920.88406663,99999935.88406663,99999920.88406663,99999920.88406663,99999920.88406663,99999935.88406663,99999935.88406663,99999920.88406663,99999920.88406663,99999935.88406663,99999809.11593337,99999795.61593337,99999795.61593337,99999810.61593337,99999795.61593337,99999780.61593337,99999795.61593337,99999794.11593337,99999795.61593337,99999794.11593337,100000061.11593337,100000064.11593337,100000000,100000061.11593337,100000061.11593337,99999985,100000061.11593337,100000000,100000076.11593337,99999985,99999959.5,99999989.5,100000466.89799167,99999948.5,100000272.21085472,99999122.96226652,99999138.17419867,99999068.40606542,99999070.63793217,99999248.21288745
99999595,99999558.13477285,99999543.63967411,99999460,100000015,99999700,99999520,99999715,99999147.2159856,99999393.34592214,100000269.58622587,100000398.98626897,100000223.00676237,100000526.15799099,100000259.57121801,100000278.58267066,100000256.08622587,100000187.12870039,100000271.04129909,100000265.57121801,99999983.5,99999983.5,99999983.5,100000000,99999983.5,99999983.5,99999976.12193802,99999967.12193802,99999983.5,99999947.48728363,99999947.2889069,99999903.83138143,99999900.75612396,99999948.99030842,99999918.91084492,99999920.41084492,99999947.33558746,99999982.06977192,99999899.41084492,99999890.41084492,100000016.5,100000016.5,100000015,100000016.5,100000016.5,100000016.5,100000016.5,100000016.5,100000016.5,100000031.5,100000291.78226827,99998754.9326925,99999781.02714254,100000479.6674329,100000437.35600859,100000467.60292773,100000557.28584766,100000499.99323763,100000428.15765017,100000489.49323763
99999580,100000045,99999940,100000075,99999730,99999625.57781166,99999955,99999637.88721815,100000270,100000210,100000240.0,100000205.5,100000156.0,100000187.5,100000199.94100341,100000203.38200682,100000278.3720775,100000193.5,100000225.0,100000210.0,99999998.5,100000000,100000000,99999998.5,99999998.5,100000000,100000000,99999992.50496466,100000000,99999998.5,99999927.5,99999942.5,99999945.5,99999941.0,99999929.0,99999927.5,99999944.0,99999926.0,99999941.0,99999944.0,100000016.5,100000034.5,100000016.5,100000001.5,100000015,100000033.0,100000016.5,100000016.5,100000016.5,100000016.5,100000003.0991781,99999463.0,99999098.2357397,99999949.0,99999436.0,100000355.5,100000295.5,100000264.0,100000280.5,100000150.0
100000315,100000120,99999970,99999462.59628285,99999940,99999619.64354493,99999100.75150529,99999850,100000150,99999651.21650705,99999521.17669877,99999371.17669877,99999431.17669877,99999251.17669877,99998838.08834939,99999221.17669877,99998801.17669877,99999431.17669877,99999401.17669877,99998876.17669877,100000004.89634867,100000004.89634867,100000004.89634867,100000004.89634867,100000004.89634867,100000004.89634867,100000004.89634867,100000004.89634867,100000004.89634867,100000004.89634867,99999845.30116925,99999837.3738857,99999895.18408383,99999839.22502711,99999842.15447268,99999866.87038274,99999814.31781827,99999825.41757247,99999825.09660819,99999829.38951863,100000000,100000000,100000000,100000000,100000044.08834939,100000000,100000000,100000000,99999985,100000000,99999474.13399564,99999678.13578053,100005405.96784633,100002461.66047779,100000366.19419688,100000572.75213721,100001270.47106057,100000743.41524711,100000746.57316996,100000459.42723453
99999790,99999835,99999850,100000180,99999685,99999971.4690257,99999520,99999686.55035663,100000045,99999145,99999079.81423506,99999365.80815727,99999600.35146914,99999048.23786344,99999522.75980248,99998954.71088149,99999351.66756961,99999550.70567226,99999410.32454585,99999388.7220022,99999911.41858546,99999911.41858546,99999911.41858546,99999911.41858546,99999911.41858546,99999911.41858546,99999911.41858546,99999911.41858546,99999911.41858546,99999911.41858546,100000004.5,99999989.5,100000004.5,99999989.5,99999989.5,100000003.0,99999989.5,100000004.5,99999989.5,99999989.5,100000089.57029383,100000079.07029383,100000092.82385147,100000100.58141454,100000093.35293293,100000100.58141454,100000100.58141454,100000000,100000100.58141454,100000089.57029383,99999958.17598842,100001947.14137846,100001262.47031303,100003706.65789615,99999000.57657017,100000984.61614875,100000587.01661049,100000869.91541496,100000200.05779141,100000587.85112838
100000030,100000180,99999475,99999445,99999862.22244509,100000225,100000105,99999745,100000240,100000240,100000114.0,100000055.5,100000066.0,100000063.0,100000085.5,100000061.5,100000195.0,100000066.0,100000058.5,100000052.5,100000000,99999967.0,99999965.5,99999983.5,99999962.5,99999983.5,99999964.0,99999965.5,99999964.0,99999952.0,99999941.5,99999941.5,99999944.5,99999944.5,99999941.5,99999941.5,99999974.5,99999944.5,99999928.0,99999926.5,100000016.5,100000016.5,100000016.5,100000000,100000000,100000016.5,100000015,100000016.5,100000016.5,100000016.5,99999907.0,99999454.0,99999937.0,99998848.0,99999543.77755491,100000594.0,100000519.0,100000636.0,100000586.5,100000343.5
99999760,100001005,99999700,99999625,100000975,100000960,99999520,99999753.83886436,100000945,99999647.1857778,99998740,99999010,99998830,99998680,99999145,99998815,99999025,99998980,99998950,99998815,100000078.0807693,100000055.85584709,99999964.28638917,100000043.85584709,100000106.93661639,100000056.25382309,100000153.43661639,100000057.36715847,100000085.5807693,100000104.36780962,99999940,99999940,99999940,99999940,99999940,99999940,99999940,99999940,99999940,99999940,100000000,99999985,100000000,100000000,99999985,99999985,99999985,100000000,100000000,100000000,100000043.5,100000957.38472205,100000139.30442601,100000166.3170232,100001265.98714887,100001401.86348854,100001161.68491375,100001312.48490265,100001301.28660387,100001323.14048298
99999745,99999880,100000255,100000330,99999895,99999719.4952051,99999685,99999580,99999985,99999745,100000088.80604544,100000063.0,100000061.5,100000072.0,100000139.80604544,100000099.0,100000057.0,100000061.5,100000135.5047949,100000067.5,100000000,99999963.69395456,99999955.0,99999983.5,99999956.5,100000000,100000000,100000000,99999983.5,100000000,99999920.5,99999925.0,99999935.5,99999922.0,99999935.5,99999920.5,99999922.0,99999937.0,99999935.5,99999922.0,100000016.5,100000016.5,100000001.5,100000016.5,100000016.5,100000016.5,100000000,100000016.5,100000001.5,100000001.5,99999700,99999940,99999424.69395456,99999962.5,99999616.0,100000544.5,100000441.0,100000324.0,100000715.5,100000445.5
99999940,99999955,100000345,100000105,99999700,100006187.66455916,100000300,99999850,100008519.5978835,99999835,99999355,99999325,99999370,99999340,99999250,99998590,99999370,99999325,99999250,99998680,100000000,100000000,100000000,100000000,100000000,100000000,100000000,100000000,100000000,100000000,99999895,99999910,99999895,99999895,99999895,99999910,99999880,99999895,99999895,99999880,100000161.02708277,100000159.52708277,100000158.02708277,100000159.52708277,100000162.52708277,100000143.02708277,100000158.02708277,100000162.52708277,100000158.02708277,100000161.02708277,100000555,99999925,99999955,100001065,99999856.52708277,99998565.43126181,99998388.3500135,99998178.87709627,99998396.01251012,99997989.26876518
99999925,99999418.20496246,100000090,99999655,99999491.80720948,100000120,99999157.7885106,99999955,100000015,99999720.04508221,100000508.6639834,100000244.6406576,100000562.6406576,100000578.9049513,100000608.0887444,99999232.3530381,99999163.0082438,99999194.5082438,100000490.0834828,100000507.3996897,100000008.3162069,99999996.77666073,100000035.49637128,100000009.08547093,100000009.3028026,99999969.5519132,99999984.5519132,100000007.94635533,100000007.94635533,100000008.3162069,99999948.68129104,99999943.40847038,99999922.8273141,99999907.47713122,99999949.66759795,99999925.82944383,99999934.66759795,99999887.67127407,99999937.313621,99999953.27401069,100000032.7642937,100000015,100000031.2642937,100000031.2642937,100000031.2642937,100000031.2642937,100000032.7642937,100000032.7642937,100000030.4480868,100000032.7642937,100000032.94445808,99999400.27709608,99999982.70810305,100001810.12201817,100000826.5,99999907.47317691,99999562.95184048,100000073.61632282,100000041.11851609,100000074.48056602
99999910,99999593.53607118,100000480,99999865,100000495,99999730,99999985,99999745,100000525,99999880,100000368.6253425,100000371.95005766,100000354.2494304,100000372.86918244,100000434.47984996,100000360.2494304,100000374.58918755,100000510.73387824,100000354.29871693,100000357.2494304,100000000,99999982.0,100000000,100000000,100000000,100000000,99999960.45186363,99999946.60595933,100000000,100000000,99999681.99934418,99999658.29871693,99999629.7494304,99999676.2494304,99999676.2494304,99999629.7494304,99999681.95005766,99999715.69554052,99999661.29871693,99999673.2494304,100000016.5,100000016.5,100000000,100000016.5,100000031.5,100000016.5,100000016.5,100000016.5,100000016.5,100000001.5,99999340.0,100000719.99157819,99999101.8273736,99996993.68341936,99999295.72592428,100000918.63523279,100000660.30213451,100000943.20299134,100000568.20299134,100000668.55042572
100000000,99999685,99999760,99999820,99999835,99999610,100000030,99999835,99999448.8774696,99999940,100000116.19905931,100000268.42280005,99999687.86762577,99999909.98039424,100000187.1820658,100000146.69067703,99999687.70621072,99999702.86762577,100000184.88940543,100000221.19905931,99999979.17694874,99999962.67694874,99999980.67694874,99999964.17694874,99999962.67694874,99999980.67694874,99999980.67694874,99999964.17694874,99999964.17694874,99999980.67694874,99999853.16946141,99999865.2769959,99999894.11052117,99999827.19595519,99999823.16946141,99999811.16946141,99999831.55842857,99999837.31570983,99999850.73696935,99999824.66946141,100000030.64296764,100000034.32305126,100000030.8043827,100000015.8043827,100000033.66856647,100000035.40068948,100000034.32305126,100000030.8043827,100000020.38896716,100000034.32305126,100000190.00909276,99999907.0,100000235.3314959,100001828.5,100000487.5,100000322.03535125,99999879.7898855,99999902.87792276,100000507.44000871,100000224.0084444
99999820,99999096.19135123,99999367.60042612,99999595,99999805,99999940,99999760,99999835,99999790,99999670,100000376.76766904,100000422.14676668,100000307.71237876,100000390.55008933,100000264.82341786,100000239.1043323,100000233.1043323,100000359.75415218,100000312.32645789,100000291.65207182,99999971.77787441,99999956.77787441,99999941.77787441,99999956.77787441,99999956.77787441,99999956.77787441,99999941.77787441,99999971.77787441,99999971.77787441,99999956.77787441,99999910.77991576,99999925.01846611,99999905.79634053,99999923.73429605,99999860.79634053,99999904.29634053,99999874.29634053,99999907.29634053,99999872.79634053,99999910.29634053,99999985,99999985,100000000,100000000,100000016.5,100000016.5,100000000,100000001.5,100000000,100000015,100000152.38428546,99999614.5,99999843.87589373,100000124.40781093,99999560.22212559,100000241.47146712,100000622.66724646,100000363.44512087,100000378.44512087,100000624.46167776
99999746.21222727,99999940,100000153.73344347,99999565,99999910,99999700,99999850,100000258.09903501,99999850,99999805,99998935,99998455,99998770,99998965,99998920,99998650,99998950,99998860,99998935,99998920,100000000,100000000,100000015,100000000,100000000,100000000,100000030,100000030,100000015,100000000,100000020.1550631,99999950.10553887,99999835.0,99999940.5489355,99999898.25513111,99999922.14232033,99999964.77638379,99999886.66618107,99999961.02069697,99999931.00180274,99999985,100000000,100000000,99999985,100000000,99999985,99999985,99999985,99999985,99999985,100000101.33381893,100002327.91126008,100003676.97154963,100000646.59899782,100001107.81433724,100000867.04239765,100001344.29240558,100001466.281526,100000951.53113268,100001077.50581516
100000000,100000000,100000165,100000195,100000075,100000150,99999985,100000165,100000045,100000180,99999460.58701773,100000040.8285847,99999819.1571694,99999913.91580738,100000166.46654133,99999901.3285847,100000090.3285847,100000025.8285847,100000147.3285847,99999819.1571694,99999995.1714153,99999962.1714153,99999996.6714153,99999997.0,99999962.1714153,99999962.1714153,99999962.1714153,99999997.0,99999997.0,99999997.0,99999431.5,99999476.5,99999416.5,99999491.5,99999461.5,99999431.5,99999431.5,99999431.5,99999461.5,99999446.5,100000037.8285847,100000036.0,100000036.0,100000036.0,100000000,100000036.0,100000036.0,100000000,100000000,100000036.0,99999417.74136202,100000808.5,100000108.69062807,100000970.24156697,100000042.0,100000272.6714153,100000587.3428306,100000945.8428306,100000770.3428306,100001169.3428306
99999604.01319228,99999640,99999835,99999880,99999623.24107376,99999805,99999715,99999745,99999775,100000015,100000117.18582845,100000134.20131415,100000020.71679986,100000103.17034274,100000093.09291422,100000129.18582845,100000151.73228556,100000118.68582845,100000113.67034274,100000166.21679986,100000036.25011386,99999981.4845143,99999982.0,99999982.0,100000024.25011386,99999981.4845143,99999982.0,100000037.75011386,99999981.4845143,99999985.3700858,99999972.33914034,99999960.33914034,99999960.95356883,99999973.83914034,99999943.83914034,99999970.83914034,99999942.33914034,99999957.33914034,99999985.83914034,99999972.33914034,100000016.5,100000016.5,100000031.5,100000016.5,100000016.5,100000016.5,100000016.5,100000015,100000016.5,100000016.5,100000038.2772713,99999460.78675331,99999081.5854581,99999845.5,99999506.5,100000877.77494851,100000752.672987,100000626.72125733,100000580.26771444,100000652.22125733
99999940,99999415,99999970,100001365,100000045,99999865,100001725,100000150,99999582.54436556,100001425,99998941.0,99998786.5,99999028.0,99998960.5,99998711.5,99998372.5,99998716.0,99998836.0,99999001.0,99998906.5,99999980.5,99999980.5,99999995.5,99999980.5,99999980.5,99999980.5,99999980.5,99999980.5,99999980.5,99999980.5,99999702.935239,99999657.935239,99999724.57794464,99999677.06463198,99999665.48993886,99999628.63264449,99999680.48993886,99999690.935239,99999687.935239,99999686.435239,100000000,100000000,100000000,100000000,100000000,100000000,100000000,100000000,99999985,100000000,100000200.29275776,100000527.01833518,100000408.8166771,100001558.35462654,100000413.20703328,100001533.28634079,100001447.92479235,100001564.29377827,100002096.13614108,100001901.19385828
99999805,100000195,99999466.82613245,99999955,99999760,99999715,99999700,100000255,99999640,99999970,100000526.62073736,100000445.71473485,100000421.28481582,100000368.4090802,100000374.29304644,100000363.44050413,100000529.85912561,100000374.53586495,100000380.9036023,100000419.15127108,99999983.5,99999983.5,99999983.5,99999983.5,99999982.0,99999983.133087,99999983.5,99999983.5,99999997.0,99999967.2428185,99999890.70247595,99999880.95740359,99999807.7571815,99999855.9382258,99999888.34687175,99999895.69640732,99999885.28860542,99999894.4493816,99999859.64495105,99999883.1372245,100000016.5,100000031.5,100000001.5,100000016.5,100000016.5,100000035.88396624,100000016.5,100000035.88396624,100000016.5,100000016.5,100000067.90657529,99999617.5,99999333.5,99997892.84768993,99998416.9025318,100001031.91390711,100000468.70695356,100000546.94977206,100000465.46413505,100000716.20695356
99999955,99999820,99999880,100000105,99999805,99999865,99999865,100000075,100000075,99999595,100000235.3655971,100000227.8655971,100000328.02978194,100000217.02978194,100000293.52978194,100000265.70141226,100000215.19396678,100000281.19396678,100000383.21630323,100000221.19396678,99999997.33581516,99999998.5,99999971.83581516,99999997.0,99999997.0,99999979.0,99999998.5,99999980.5,99999974.16418484,99999998.5,99999889.67163032,99999877.67163032,99999872.83581516,99999887.83581516,99999887.83581516,99999898.33581516,99999915.17163032,99999889.67163032,99999904.67163032,99999886.33581516,100000016.5,100000016.83581516,100000001.5,100000001.5,100000016.5,100000016.83581516,100000016.83581516,100000016.5,100000016.5,100000001.83581516,99999539.5,99999081.66418484,99999040.0,99998700.25,99998907.25,100000724.58973,100000859.92554516,100000892.92554516,100000578.59717548,100001043.26136032
99999371.65480295,99999904.95033076,99999506.40459946,99999346.07573873,100000030,99999241.16063024,99999610,100000225,100000240,99999790,100000470.43116835,100000291.10042319,100000215.6416119,100000358.91389665,100000290.39656816,100000232.8226442,100000201.19658513,100000346.22307038,100000433.58178148,100000398.38324025,99999972.36487834,99999972.36487834,100000000,99999982.0,99999983.5,99999982.0,99999973.01870242,99999970.84588183,99999970.84588183,99999956.28811778,99999964.95810916,99999970.7826573,99999964.95810916,100000002.45810916,99999983.0,99999969.36998038,99999991.98179111,99999966.5,99999977.0,99999981.32418737,100000023.98490569,100000022.48179111,100000007.48179111,100000016.5,100000016.5,100000022.48179111,100000038.98179111,100000000,100000016.5,100000023.98465379,99999519.84140967,100000684.25028072,99998698.7633663,99999800.13417271,99999811.64711657,100000316.06364915,100000315.08208935,100000243.14395075,100000175.66065598,100000207.01820889
100000120,99999985,99999700,99999835,100000135,99999745,99999745,99999660.14298616,99999460,99999655,100000203.70805483,100000128.96876715,100000171.5232329,100000221.0232329,100000115.85983564,100000162.5232329,100000117.9143014,100000128.28394523,100000126.78394523,100000223.20805483,99999983.5,99999997.0,99999978.31517808,99999982.0,99999978.31517808,99999982.0,99999983.5,99999982.0,99999983.5,99999982.0,99999979.68482192,99999981.18482192,99999979.68482192,99999999.18482192,99999994.68482192,99999986.36964384,99999994.68482192,99999994.68482192,99999964.68482192,99999979.68482192,100000003.68482192,100000018.68482192,100000018.68482192,100000018.68482192,100000018.68482192,100000018.68482192,100000003.68482192,100000018.68482192,100000018.68482192,100000018.68482192,99999542.5,99999403.6257261,99999757.0,99999722.5,99999503.5,100000612.91068488,100000361.72586296,100000500.96515064,100000594.91068488,100000516.91068488
99999860.79813275,99999340,99999880,99999880,99999677.66577964,99999428.0796734,99999595,99999633.2200404,99999636.719508,99999745,100000308.65369168,100000222.29411869,100000207.93206021,100000222.29368189,100000269.46171024,100000275.23694482,100000259.76646262,100000225.6576021,100000283.18334171,100000214.79368189,99999966.77836853,99999966.77836853,99999966.77836853,99999983.27836853,99999983.27836853,99999983.5,99999983.5,99999942.16203487,99999983.5,99999983.5,99999859.51531336,99999888.14900285,99999882.11891602,99999862.18051462,99999875.68051462,99999873.95888315,99999927.12134679,99999863.68051462,99999847.18051462,99999944.89728455,100000036.88722906,100000036.88722906,100000021.88722906,100000016.5,100000016.5,100000016.5,100000016.5,100000016.5,100000018.2192007,100000016.5,100001635.38555914,99999148.9519262,99998440.26873396,100000612.04553813,99999968.88891645,100000316.31361741,100000440.0308201,100000514.90646283,100000621.5984444,100000355.43598074
99998198.90496147,99999790,100000270,99999850,100000315,100000465,99999580,100000120,99999475,99999520,100000193.21602921,99999853.77737653,100000201.24340597,99999964.06573844,99999733.60601237,100000006.5441036,100000165.2587784,99999996.82750358,99999813.3260754,100000275.60054879,99999919.04900452,99999905.54900452,99999906.83263768,99999904.04900452,99999904.04900452,99999904.04900452,99999904.04900452,99999905.79505967,99999904.04900452,99999904.04900452,99999882.78313904,99999852.78313904,99999852.78313904,99999852.78313904,99999852.78313904,99999866.28313904,99999867.78313904,99999854.28313904,99999854.28313904,99999869.28313904,100000105.27119464,100000015,100000015,100000091.7427868,100000091.7427868,100000015,100000015,100000015,100000015,100000015,100000868.5,100000780.27119464,100002339.64119145,99999459.81919254,100002268.09869862,99999636.03564875,99999873.25432722,99999693.2005402,99999462.84504943,99999769.85573128
99999595,100000045,100000030,100000150,100000000,99999661.27944633,99999820,100000090,99999497.59961233,100000000,100000311.54615247,100000213.02444601,100000186.58541813,100000191.08541813,100000231.96347389,100000294.52808334,100000240.02444601,100000241.99395995,100000246.49395995,100000211.99395995,99999982.0,99999983.5,99999974.03048606,99999980.5,99999974.03048606,99999980.5,99999982.0,99999980.5,99999983.5,99999982.0,99999797.82793686,99999767.82793686,99999827.31708363,99999752.82793686,99999803.78659756,99999752.31708363,99999737.82793686,99999789.2974508,99999782.82793686,99999812.82793686,100000004.96951394,100000004.96951394,100000004.96951394,100000004.96951394,100000019.96951394,100000019.96951394,100000004.96951394,100000019.96951394,100000004.96951394,100000004.96951394,99999664.58873805,100000014.04143445,99999683.03048606,99999611.5,99999704.31097212,100000409.2681916,100000643.80381994,100000383.20721948,100000495.79867767,100000410.39013585
99999670,99999490,100000000,100000060,99999670,100000000,100000345,99999582.44271465,99999730,99999910,100000124.01472278,100000117.8143204,100000144.13971913,100000206.7471234,100000162.2884888,100000102.27943826,100000138.27943826,100000178.78342599,100000142.64876968,100000100.77943826,99999982.0,100000000,100000000,100000000,99999982.53231485,99999982.0,99999982.0,99999980.5,99999982.0,99999982.0,99999773.5,99999716.5,99999727.96768515,99999730.0,99999745.96768515,99999732.46768515,99999737.5,99999785.5,99999717.46768515,99999692.5,100000015,100000025.63971913,100000015,100000028.5,100000031.5,100000015,100000025.63971913,100000015,100000015,100000015,100000207.34168477,99999815.5,99999583.0,99999611.5,99999190.02731143,100000810.13971913,100001089.67203398,100000666.13971913,100000828.13971913,100000889.63971913
99999715,100000090,99999443.69810678,100000015,100000015,100000120,99999804.24417768,100000060,99999850,99999347.12456928,100000028.5,99999983.5,100000027.0,99999649.0,99999949.0,100000078.0,100000085.5,99999947.5,99999892.0,100000042.0,99999983.5,99999998.5,99999983.5,99999983.5,99999998.5,99999998.5,99999983.5,99999983.5,99999983.5,99999998.5,99999779.5,99999797.5,99999794.5,99999814.0,99999778.0,99999794.5,99999796.0,99999826.0,99999766.0,99999776.5,100000004.5,100000009.0,100000009.0,100000009.0,100000000,100000000,100000000,100000000,100000000,100000000,99999974.5,100000165.96394919,99999913.8602921,100000259.67106697,100000613.36437581,100000489.0,100000445.5,100000574.5,100000785.81116374,100000786.76229843
100000135,100000075,100000090,99999865,99999415,100000285,99999562.63153934,100000390,99999652.81887606,100000315,100000115.78008395,100000130.78008395,100000240.96363312,100000149.87185854,100000133.37185854,100000118.23419666,100000257.46363312,100000099.14242208,100000141.82597125,100000135.28008395,100000000,100000000,99999983.5,99999935.0977949,100000000,100000000,99999933.5977949,99999983.5,100000000,100000000,99999901.54588729,99999886.54588729,99999886.54588729,99999901.54588729,99999897.04588729,99999886.54588729,99999886.54588729,99999886.54588729,99999918.04588729,99999931.54588729,100000016.5,100000003.54588729,100000016.5,100000016.5,100000016.5,100000018.54588729,100000003.54588729,100000015,100000016.5,100000018.54588729,99998638.47139846,100000347.77883369,99999800.81266278,99999035.99120215,100000214.54666023,100000234.80693042,100000215.30693042,100000367.76104313,100000404.85281771,100000471.66926855
99999730,100000765,100000870,99999835,100000000,99999640,100001463.05727611,100000075,100000171.4405816,99999895,100000013.2028765,99999640.8999706,99999697.8999706,99999835.9757615,99999706.8999706,99999940.33096278,99999976.44129047,99999841.62454346,99999713.43143256,99999986.21816656,99999885.27671264,99999885.27671264,99999885.27671264,99999870.27671264,99999885.27671264,99999870.27671264,99999885.27671264,99999870.27671264,99999885.27671264,99999870.27671264,99999812.65468085,99999903.69556817,99999885.2924177,99999797.65468085,99999799.54917578,99999851.27246314,99999794.65468085,99999766.54917578,99999976.0906591,99999849.58607434,100000000,100000000,100000105.99142286,100000000,99999985,100000000,100000108.31819595,100000000,100000000,100000000,100000449.83996995,100000155.92849705,100000516.55559783,100000261.50098436,99999586.10650122,100000454.6562081,100000078.64587143,99999969.91366544,100000137.93909624,100000162.41448323
99999730,99999925,100000030,99999580,99999610,99999591.87339552,99999685,100000210,99999790,99999985,100000496.64034869,100000552.96523994,100000543.96201319,100000572.80412267,100000575.80412267,100000644.87644628,100000516.96491635,100000628.68620023,100000568.03921303,100000548.42470616,99999983.16079368,99999983.5,99999983.16079368,99999982.0,99999970.88691188,99999983.5,99999983.5,99999983.5,99999983.5,99999983.5,99999823.79416496,99999815.8216645,99999814.8216645,99999817.66087082,99999835.3216645,99999833.8216645,99999798.66087082,99999838.48245817,99999794.98245817,99999800.16087082,100000016.5,100000031.5,100000016.5,100000034.5,100000016.5,100000019.98245817,100000016.5,100000015,100000016.5,100000031.5,99999465.86593008,99998963.15569505,99999074.5,99996990.69115001,99998315.02749954,100001166.99992286,100000847.49992286,100000787.01754183,100001155.48238103,100001238.99992286
99999640,99999658.15189454,99999565,100000045,99999835,99999940,99999625,100000060,99999550,99999655,100000560.82140812,100000671.92546101,100000511.91775715,100000510.41775715,100000498.41775715,100000509.29802117,100000536.67997348,100000496.91775715,100000510.79233508,100000574.17997348,99999983.5,99999982.0,99999980.5,99999983.5,99999980.5,99999980.5,99999983.5,99999983.5,99999982.36889184,99999982.0,99999939.38042153,99999920.13110816,99999920.13209833,99999935.13209833,99999905.13209833,99999920.13209833,99999905.50568609,99999920.13209833,99999950.13209833,99999935.50667626,100000016.5,100000016.5,100000016.5,100000016.5,100000016.5,100000016.5,100000016.5,100000016.5,100000016.5,100000016.5,99999036.21325761,99999361.8830789,99999101.5,99997995.16173561,99998438.5,100000881.10673983,100000899.14491023,100000824.5380799,100000609.68891835,100000659.55781019
100000090,99999640,100000105,99999638.06619972,99999630.71079981,100000105,99999307.5600994,100000120,99999730,99999745,100000599.51220065,100000695.4399006,100000512.36760056,100000599.51220065,100000707.4399006,100000614.51220065,100000510.86760056,100000411.72300047,100000465.79530051,100000694.15680075,99999945.92769995,99999947.42769995,99999983.5,99999945.92769995,99999998.5,99999949.0,99999945.92769995,100000000,100000000,99999947.42769995,99999649.07230005,99999641.57230005,99999641.57230005,99999686.57230005,99999706.1446001,99999604.07230005,99999703.1446001,99999688.1446001,99999679.07230005,99999656.57230005,100000042.07230005,100000042.07230005,100000057.07230005,100000057.07230005,100000057.07230005,100000057.07230005,100000000,100000057.07230005,100000042.07230005,100000042.07230005,99998701.0,100000345,99999985,100000163.5,99999577.07230005,100000164.76479888,99999995.19249883,100000257.62019879,99999977.26479888,100000137.69249883
100000473.24379255,99999673.07377866,99999505,100000064.87679422,100000283.3435789,100001245,99999788.30379948,99999640,100000296.11352761,99999955,99997367.47517161,99996653.51452395,99996607.59235841,99996521.41742201,99996669.26495075,99996354.31596962,99997401.60497375,99997171.72925906,99996762.6905891,99997022.63707855,99999879.24428399,99999894.24428399,99999909.24428399,99999894.24428399,99999894.24428399,99999894.24428399,99999894.24428399,99999894.24428399,99999894.24428399,99999894.24428399,99999746.5,99999731.5,99999716.5,99999701.5,99999731.5,99999746.5,99999731.5,99999761.5,99999746.5,99999791.5,100000000,100000093.6014524,100000074.68992057,100000000,100000074.68992057,100000102.14304926,100000074.94771564,100000015,100000074.94999523,100000102.14304926,100003716.75862569,100007514.25915232,100007499.23038273,100009820.89478147,100007313.04380472,99999529.84519283,99999486.97566639,99999558.40012278,99999576.04142284,99999568.74533717
100000300,100000480,100000375,100000300,99999535,100000285,99998655.14972806,99999000.88172336,99998970.55927971,99999730,99999877.17434897,100000312.69062081,99999924.4994078,100000114.13083883,100000574.18407297,100000502.44980627,100000466.85737756,100000292.9055868,99999765.51216035,99999852.67841001,100000030.52356984,99999963.5330641,100000036.23368093,100000043.19397742,99999994.64597106,100000030.52356984,99999948.5330641,99999963.5330641,99999948.5330641,99999948.5330641,99999625,99999595,99999610,99999610,99999565,99999625,99999580,99999580,99999520,99999580,100000065.49050574,100000051.4669359,100000072.32456954,100000064.9322367,100000074.24820332,100000065.49050574,100000075.7993218,100000073.82231003,100000051.4669359,100000073.8269727,100000155.82366386,100000977.26377782,100003184.48233981,100004982.55092351,99999652.98246472,99998923.86710693,99999466.25872336,99999154.1477628,99998813.88391323,99998907.41137552
100001275,99999670,99999595,99999715,99999820,99999625,100001395,100001155,100000000,100001183.23511818,99998473.1267278,99999030.1808616,99998338.5844852,99999049.1267278,99998454.95775479,99998947.5844852,99998545.5844852,99998980.5844852,99998953.1267278,99998938.41551219,100000024.0,99999981.12673041,100000024.0,100000059.09336418,100000067.66897301,100000024.16897301,99999981.12673041,99999981.12673041,100000059.09336418,99999981.12673041,99999914.91551219,99999905.41381487,99999934.66205136,99999930.78878178,99999914.91551219,99999930.78878178,99999918.78878178,99999911.0422426,99999906.91381487,99999918.78878178,100000000,100000000,100000000,100000000,100000000,100000104.5422426,100000000,100000104.5422426,100000000,100000015,99999589.0,100004126.3676767,100000593.04880516,100000647.54801765,100000247.20459886,100000993.75776507,100000855.50170514,100000765.5055981,100000760.07561666,100000683.84868923
99999895,100000255,99999940,100000075,99999595,100000120,99999910,99999970,99999970,99999820,100000033.0,100000046.5,100000037.5,100000031.5,100000049.5,100000075.87279055,100000037.5,100000052.5,100000057.0,100000051.0,100000000,99999983.5,99999983.5,99999973.31360473,100000000,99999983.5,99999983.5,99999983.5,100000000,99999983.5,99999797.5,99999782.5,99999782.5,99999797.5,99999785.5,99999800.5,99999784.0,99999782.5,99999800.5,99999797.5,100000016.5,100000016.5,100000000,100000015,100000000,100000015,100000000,100000001.5,100000016.5,100000000,99999874.0,99999067.0,99999986.5,99999790.31360473,99999929.5,100000610.5,100000504.0,100000613.5,100000828.0,100000909.0
99999589.76295714,99999775,99999650.9981206,100000105,99999835,99999805,99999715,99999670,99999820,99999985,100000144.53229402,100000216.66890176,100000258.00084084,100000196.02363461,100000200.49694891,100000258.70247672,100000169.88969444,100000244.994494,100000214.97422673,100000210.27155867,100000000,100000000,99999980.29889253,100000000,100000000,100000000,99999978.79889253,100000000,99999996.79889253,100000000,99999831.08519715,99999830.22785418,99999812.25012134,99999812.1508561,99999884.5322601,99999871.66299035,99999831.08519715,99999832.05373216,99999829.05373216,99999855.04323797,100000015,100000000,100000000,100000028.19638918,100000015,100000028.19638918,100000015,100000028.19638918,100000015,100000015,100001332.53987937,99999176.55631343,99999545.5,99996991.34939508,99999717.18125877,100000935.13002719,100001052.51788606,100000824.07137042,100000843.05818936,100001012.14850809
100000375,99999835,99999790,99999910,99999747.72299117,99999805,99999655,100000270,99999790,99999745,100000018.60445666,100000068.0749627,100000028.7788645,99999956.98521936,99999943.11247098,99999976.83565447,99999985.48521936,100000075.07250965,100000071.08035676,100000049.0143363,100000010.29364514,100000016.29364514,100000013.29364514,100000013.29364514,100000017.79364514,100000011.79364514,100000020.79364514,100000013.29364514,100000017.79364514,100000013.29364514,99999829.42353317,99999832.42353317,99999833.53625482,99999834.08415793,99999866.71717831,99999812.47456864,99999841.97143628,99999836.71717831,99999872.53625482,99999836.71717831,100000000,100000018.0,100000018.0,100000055.74260968,100000000,100000055.74260968,100000015,100000000,100000018.0,100000000,99999190.99215288,100000069.07344875,99999969.27217096,99999663.75739032,99999450.05187455,100000725.21665496,100001005.49000137,100000839.0103001,100000563.42300981,100000702.92300981
99999685,99999610,99999955,99999640,99999903.23556295,99999940,99999880,99999970,100000150,99999736.09905659,100000110.78433645,100000104.78433645,100000127.04631776,100000176.1255322,100000115.04631776,100000092.469613,100000166.28569302,100000215.8729833,100000126.5397383,100000201.7031005,99999977.16193704,99999983.5,99999982.0,99999982.0,99999978.24459815,99999977.14195526,99999982.0,99999983.5,99999983.5,99999979.0,99999909.21405607,99999902.47603738,99999901.83930032,99999911.97739395,99999933.21405607,99999908.73801869,99999902.71405607,99999904.71405607,99999902.97603738,99999896.0758609,100000000,100000019.73801869,100000019.73801869,100000019.73801869,100000019.73801869,100000019.73801869,100000019.73801869,100000000,100000019.73801869,100000019.73801869,99999671.53524767,99999848.01477621,99999390.26198131,99999774.76198131,99999637.0,100000492.76358879,100000575.26358879,100000424.31151402,100000690.4919002,100000549.71132052
100000090,100000780.53787255,100000345,100000075,100000135,100000255,100000405,100000240,100000240,100000180,100001129.28504401,100000732.29929622,100001062.29929622,100001092.29929622,100000605.78504401,100001197.29929622,100001012.28504401,100001107.29929622,100000680.78504401,100001227.29929622,99999936.4857478,99999921.4857478,99999936.4857478,99999936.4857478,99999936.4857478,99999936.4857478,99999936.4857478,99999936.4857478,99999951.4857478,99999936.4857478,99999850,99999865,99999865,99999835,99999835,99999850,99999835,99999865,99999850,99999880,100000065.0142522,100000078.5142522,100000063.5142522,100000063.5142522,100000065.0142522,100000063.5142522,100000063.5142522,100000063.5142522,100000065.0142522,100000065.0142522,100000000,99999730,99999850,100000435,100000086.67591046,99997575.35865097,99997824.40140757,99997795.34439877,99997833.87290317,99997725.87290317
99999745,99999790,100000000,99999576.16781163,99999715,99999820,99999261.10310054,99999670,99999745,99999760,100000402.32798117,100000396.61759055,100000388.58819291,100000479.18340111,100000383.64698818,100000480.79397637,100000365.11759055,100000357.61759055,100000415.58819291,100000388.17294331,100000000,100000000,100000000,99999944.00674927,99999970.97060236,99999963.21709472,100000000,99999963.21709472,100000000,100000000,99999932.32569122,99999927.82569122,99999927.82569122,99999931.0,99999973.52939764,99999956.85508886,99999971.85508886,99999944.32569122,99999945.82569122,99999931.0,100000017.02939764,100000016.5,100000030.52939764,100000030.52939764,100000001.5,100000016.5,100000001.5,100000030.52939764,100000030.52939764,100000021.0,99999633.60641328,99999508.0,99999142.0,99998996.92409587,99998476.44464724,100000809.43750185,100000709.41180709,100000617.47060236,100000718.41180709,100000768.44120473
99999655,99999925,100000210,99999730,99999955,99999925,100000255,99999940,100000300,99999895,100000033.16123502,100000004.5,100000064.82247004,100000004.5,100000006.0,100000004.5,100000004.5,100000004.5,100000004.5,100000012.93410382,100000000,100000000,100000000,100000000,99999956.33876498,100000000,99999954.83876498,100000000,99999983.5,100000000,99999941.5,99999956.5,99999941.5,99999941.5,99999941.5,99999941.5,99999941.5,99999941.5,99999941.5,99999941.5,100000000,100000016.5,100000016.5,100000016.5,100000031.5,100000016.5,100000001.5,100000016.5,100000016.5,100000016.5,99999977.5,99999784.0,99999347.33876498,99999677.5,99999538.56589618,100000229.5,100000879.0,100000456.0,100000334.5,100000369.0
99999568.07913283,99999865,99999655,99999700,99999591.36674169,99999745,100000047.03705032,99999985,99999640,99999775,100000137.30623436,100000090.80623436,99999821.95461321,100000105.22967577,100000124.49526167,99999896.14837885,99999700.80149603,100000143.41870308,100000356.31722473,100000077.65311718,99999933.42344141,99999997.0,99999933.42344141,99999933.42344141,99999982.0,99999982.92344141,99999969.42344141,99999997.0,99999982.0,99999933.42344141,99999888.07655859,99999904.91206314,99999867.07655859,99999857.5,99999885.07655859,99999853.0,99999897.07655859,99999867.07655859,99999885.07655859,99999886.0,100000016.5,100000001.5,100000016.5,100000001.5,100000016.5,100000016.5,100000001.5,100000001.5,100000001.5,100000016.5,99999742.0,100000075,99999828.42344141,100001357.02976121,100000267.1645107,100000348.34688282,100000580.15785551,100000422.54064846,100000507.46408987,100000321.34688282
99999910,100000345,100000270,99999835,100000135,99999880,100000255,99999625,99999625.13687713,99999881.55003256,100000120.19942793,100000188.77074781,100000121.05157356,100000109.8161747,100000214.86114731,100000103.8410549,100000187.03999475,100000218.72903484,100000132.5358652,100000183.0490699,100000000,100000000,100000000,100000000,99999960.47434719,100000000,100000000,100000000,100000000,100000000,99999807.4041441,99999833.31986263,99999811.12401049,99999822.58427253,99999799.56343311,99999826.54998124,99999800.41378185,99999805.55968885,99999780.78363384,99999809.41547889,100000024.13199553,100000015,100000025.48842119,100000020.354093,100000015,100000000,100000000,100000015,100000018.00179689,100000015,100000476.29026838,100000713.25,99999704.74975562,99997693.68784298,99999590.50978193,100000397.16753967,100000322.03833616,100000523.30511382,100000621.3414561,100000410.90996343
99999550,100000225,99999655,100001774.11906573,100000120,99999970,99999670,100000105,99999775,100000615,99998919.80296257,99998963.44324343,99998965.79848742,99999130.67390607,99998729.05961674,99999113.12549885,99997903.95432246,99998270.63982321,99997908.95742594,99998633.20914656,99999911.2593584,99999911.2593584,99999911.2593584,99999900.51107903,99999911.2593584,99999911.2593584,99999911.2593584,99999900.51107903,99999911.2593584,99999911.2593584,99999673.0,99999701.5,99999724.48892097,99999724.48892097,99999739.48892097,99999694.48892097,99999641.5,99999709.48892097,99999643.0,99999643.0,100000099.48892097,100000015,100000099.48892097,100000030,100000097.76644446,100000080.6862501,100000077.80342022,100000077.80342022,100000015,100000094.98892097,100000566.41561033,100001594.84505278,100005666.34274304,100005059.95167553,100003755.39304908,99999811.05152757,99999705.34921357,99999385.7885274,100000005.26835014,99999778.2428235
100000000,99999925,99999970,99999646.23357874,100000135,99999955,99999517.77932307,99999515.98447368,99999602.390137,99999430,100000246.0,100000195.0,100000196.5,100000321.56765044,100000207.0,100000329.20956305,100000283.5,100000226.5,100000204.0,100000205.5,99999983.5,99999983.5,99999983.5,99999980.5,100000000,99999945.85808739,100000000,99999983.5,99999983.35808739,99999983.5,99999973.14191261,99999859.14191261,99999922.14191261,99999916.14191261,99999928.14191261,99999832.14191261,99999964.14191261,99999911.64191261,99999941.64191261,99999865.14191261,100000037.5,100000016.5,100000016.5,100000016.5,100000016.5,100000022.5,100000022.5,100000016.5,100000016.5,100000037.5,99999210.40858768,99998897.13859358,100000007.20586482,99999645.64195995,100000241.51453017,100000739.5,100000220.5,100000682.5,100000300.0,100000783.79043695
100000600,100000090,99999985,100000075,99999625,99999835,99999715,99999194.75258073,99999640,99999107.65767905,100000103.82557783,99999986.67844634,100000041.17054184,99999917.41067597,99999920.54165226,100000604.66069455,100000659.26775873,99999807.91067597,100000086.12106502,100000404.2137705,99999910.58146057,99999910.58146057,99999910.58146057,99999910.58146057,99999910.58146057,99999910.58146057,99999910.58146057,99999910.58146057,99999910.58146057,99999910.58146057,99999790,99999820,99999820,99999820,99999820,99999820,99999854.28538294,99999835,99999835,99999834.27832584,100000015,100000073.28538294,100000015,100000073.28538294,100000059.27832584,100000089.41853943,100000073.28538294,100000015,100000045.77832584,100000073.28538294,99999985,100001324.02582681,100000749.41853943,100001604.28944516,100001016.65895373,99999526.31579016,99999523.58671087,99999660.49245428,99999805.39326511,99999518.61285834
99999685,100000120,99999595,99999745,99999655,100000210,99999655,100000015,99999700,99999640,99999842.5,99999916.0,99999911.5,99999916.0,99999902.5,99999920.97785509,99999949.0,99999754.0,99999838.0,99999769.0,100000015.0,100000000.0,99999999.52214491,100000000.0,100000000.0,100000000.0,100000015.0,99999999.25,100000000.0,100000015.0,99999918.93356526,99999920.67578058,99999931.46200703,99999909.45571017,99999918.93356526,99999925.95571017,99999909.45571017,99999920.43356526,99999929.71979171,99999912.45571017,100000000,100000015,100000000,100000015,100000000,100000000,100000015,100000000,100000015,100000000,100000102.0,100002151.01888421,99997710.25,99999497.5,99999644.5,100000967.02214491,100001015.97785509,100000955.5,100001192.97785509,100000722.52214491
99999790,100000375,99999880,100000150,99999970,100000300,99999745,99999805,99999146.95576833,100000000,100000430.17249021,99999973.76568256,100000370.94323958,100000414.59745206,100000363.94594619,100000453.59602249,100000351.24977732,100000428.26568256,100000070.17249021,100000277.94323958,99999947.42766845,100000008.0027066,100000005.0027066,99999947.42766845,100000005.0027066,99999947.42766845,99999947.42766845,99999947.42766845,99999947.42766845,99999947.42766845,99999564.1473697,99999473.57233155,99999564.1473697,99999566.80112453,99999564.1473697,99999564.1473697,99999520.07233155,99999548.57233155,99999554.6446631,99999520.07233155,100000060.57503815,100000072.61728568,100000060.57503815,100000082.39206792,100000048.07233155,100000060.57503815,100000048.07233155,100000048.07233155,100000082.39206792,100000060.57503815,99999052.0,100000102.0,99999370.48538084,100000283.5,100000501.24990998,100000316.48521297,100000579.6681832,100000621.70110586,100000823.65392789,100000338.40352781
100000570,99999319.17999074,100000480,99999655,99999730,99999531.99218234,99999805,99999111.27971552,100000330,100000450,99999981.00031951,100000206.63367414,100000314.00031951,99999807.86696488,100000262.36696488,100000302.00031951,100000464.00031951,100000291.61849369,100000353.63367414,100000297.50031951,100000070.45523423,100000032.13335463,100000085.45523423,100000070.45523423,99999982.0,100000070.45523423,99999982.0,100000068.95523423,100000056.36757003,99999982.0,99999719.26670927,99999652.63335463,99999627.13335463,99999652.63335463,99999672.13335463,99999737.9000639,99999670.63335463,99999639.13335463,99999729.76670927,99999722.9000639,100000036.63335463,100000036.63335463,100000036.63335463,100000036.63335463,100000036.63335463,100000036.63335463,100000035.13335463,100000035.13335463,100000035.13335463,100000036.63335463,99999788.5,100001168.5,99999979.0,100000249.57846193,100000424.02612093,99999956.13271561,99999831.02821326,99999851.74431846,100000022.74431846,99999879.42827716
99999880,99999520,99999730,100000285,100000675,99999595,100000525,99999761.01546897,99999724.88212472,100000420,100000219.126309,100000227.53944302,100000108.60634175,100000135.54008979,100000108.09614006,100000101.39423707,100000111.54008979,100000165.6905805,100000119.04008979,100000105.84029597,99999983.5,100000000,99999982.0,100000000,99999983.5,100000000,100000000,100000000,100000000,99999983.5,99999965.2706053,99999938.7706053,99999943.2706053,99999937.2706053,99999938.7706053,99999938.9005146,99999946.2706053,99999943.4005146,99999945.5,99999943.2706053,100000015,100000006.7706053,100000006.7706053,100000006.7706053,100000021.7706053,100000006.7706053,100000000,100000000,100000000,100000000,99997540.42043725,99999941.5,99999620.5,99999272.5,99998752.20610692,100000831.29282624,100000601.37636822,100000647.87636822,100000676.41757882,100001160.55081116
100000180,100000120,100000330,99999955,100000255,100000015,99999760,100000345,99999521.2401528,100000210,100000442.7343184,100000432.2343184,100000382.50425653,100000882.46438028,100000853.96438028,100000578.19444215,100000914.55286497,100000822.8228031,100000966.46438028,100000694.41128778,99999985.0,99999909.76993813,99999909.76993813,99999909.76993813,99999988.0,100000000.0,99999909.76993813,100000001.5,99999996.41151531,99999909.76993813,99999546.908665,99999524.5,99999689.37163906,99999642.64157718,99999689.37163906,99999571.0,99999676.23006187,99999599.5,99999582.64157718,99999639.64157718,100000016.5,100000073.73006187,100000016.5,100000015,100000016.5,100000016.5,100000016.5,100000016.5,100000100.14157718,100000115.14157718,99999982.0,100000938.76993813,99999046.091335,100000042.0,99999992.11378595,99999001.80130132,99999207.17294037,99999044.50941476,99999914.48275475,99999084.889786
99999895,99999595,99999595,99999805,99998461.36668837,99999715,100000675,99997905.79243933,99998176.12805757,100000705,99999181.42051223,99999371.18957612,99999213.37759258,99999669.8950351,99999609.91801031,99999108.60463116,99999712.5040486,99999766.19266325,99999987.62473707,99999394.5298197,99999983.5,99999983.5,100000022.22805388,100000032.70189884,100000038.98213369,99999983.5,99999967.6363893,100000042.71922493,99999983.5,100000027.11019568,99999692.67485404,99999717.57244475,99999754.72366463,99999658.0,99999727.54466663,99999694.06465836,99999702.90827733,99999694.17485404,99999664.0,99999679.06465836,100000015,100000015,100000015,100000060.06465836,100000053.44228327,100000072.1242238,100000015,100000053.44228327,100000053.44228327,100000047.3636107,100001230.46399523,100002385.53417529,100003306.6371428,100004415.21389404,100001226.70094989,100000131.73404251,99999943.25070801,100000125.91010575,100000146.86591378,100000094.15994416
100000120,99999352.27068576,99999790,99999085,99999970,99999557.3885613,100000570,99999745,100000540,99999985,99999808.7206477,99999831.2206477,99998704.7206477,99999570.97484088,99998598.9664545,99999318.9664545,99999829.7206477,99998646.2206477,99999882.21226132,99999838.7206477,100000006.0,100000006.0,100000045.88880967,100000001.5,100000001.5,99999994.75419319,100000001.5,100000006.0,100000051.80456232,100000020.9898945,99999906.98322725,99999938.48322725,99999927.76293062,99999954.23792513,99999942.00873743,99999936.98322725,99999912.00873743,99999934.50924212,99999902.48322725,99999913.73742044,100000026.2463115,99999985,99999985,99999985,100000000,100000041.2463115,99999985,99999985,100000000,100000000,100001673.1414154,99998528.4322081,100000792.44739902,100001242.7476755,100000474.12941346,100000917.30451143,100000964.55031824,100001251.67669562,100000946.55031824,100001066.28891574
99997958.1640585,99999355,100000090,100000465,99999865,100000000,99999790,99999850,100000075,99999058.5581742,100000370.51120204,100000615.01120204,100000383.25560102,100000504.01120204,100000304.21696399,100000329.25560102,100000020.25560102,100000044.25560102,100000123.01132323,100000641.25560102,100000020.53864402,100000012.0,99999997.0,99999998.5,99999995.5,99999998.5,99999997.0,99999998.5,99999985.32594264,99999997.0,99999877.0,99999806.5,99999881.5,99999881.5,99999805,99999806.5,99999851.5,99999817.0,99999850,99999821.5,100000057.0,100000057.0,100000072.0,100000015,100000074.25560102,100000087.0,100000057.0,100000102.0,100000015,100000072.0,99999147.14056775,100003904.95905644,100000254.25560102,100001442.34488834,100000289.1084809,99999152.03863645,99999045.07727225,99999530.61590704,99998958.07727101,99999428.5
99999985,99999632.95568204,100000270,100000090,99999567.07302241,100000285,100000120,100000330,100000090,100000150,100000132.0,100000124.5,100000123.0,100000494.02757134,100000127.5,100000142.5,100000159.0,100000135.0,100000145.5,100000432.0,99999983.5,99999982.0,100000000,99999946.71646184,100000000,100000000,100000000,100000000,99999941.5,100000000,99999928.46049501,99999899.5,99999913.46049501,99999914.96049501,99999913.46049501,99999928.46049501,99999929.5,99999914.96049501,99999914.96049501,99999929.96049501,100000016.5,100000016.5,100000016.5,100000016.5,100000016.5,100000016.5,100000016.5,100000016.5,100000016.5,100000016.5,99999952.58583991,99998389.0,99999795.61959447,100000100.14671557,99998455.19115235,100000358.5,100000259.5,100000310.5,100000333.0,100000304.5
99999910,99999835,99999835,99999784.35190855,99999700,99999835,99999850,99999820,99999700,99999940,100000124.5,100000102.0,100000138.0,100000130.5,100000148.5,100000126.0,100000175.5,100000114.3067568,100000118.5,100000147.3067568,99999983.5,99999983.5,99999983.5,100000000,100000000,100000000,99999983.5,99999983.5,99999983.5,99999983.5,99999863.5,99999847.0,99999855.5,99999847.0,99999847.0,99999833.5,99999848.5,99999832.0,99999848.5,99999863.5,100000016.5,100000016.5,100000016.5,100000001.5,100000016.5,100000001.5,100000016.5,100000016.5,100000016.5,100000016.5,99997872.3067568,99999166.0,99999575.0,100001535.34133466,99999613.0,100000778.1932432,100000738.0,100000526.1932432,100001064.5,100001091.5
99999745,99999835,100000135,99999925,99999895,99999625,100000180,99999745,99999850,99999955,100000287.93102507,100000271.55171545,100000283.5,100000249.0,100000285.58619241,100000276.05171545,100000283.6034309,100000259.55171545,100000404.15326801,100000372.52138177,100000000,99999971.23930912,99999979.0,99999971.23930912,99999982.0,99999980.5,99999970.0,99999980.5,99999972.73930912,99999970.0,99999806.5,99999818.5,99999818.55171545,99999835.0,99999808.19901511,99999811.03445597,99999833.5,99999818.5,99999793.79682747,99999804.65339163,100000016.5,100000001.5,100000015,100000001.5,100000016.5,100000001.5,100000018.0,100000001.5,100000018.0,100000001.5,99999508.0,99999656.84660837,99998010.36215512,99999336.80098489,99999384.20317253,100001108.18759367,100000827.94828455,100000979.35085428,100000692.94828455,100000614.94828455
99999710.88609701,99999589.82316126,100000375,99999340,99999940,99999535,99999745,100000090,99999535,99999835,100000139.05356017,100000117.04001655,100000142.36332308,100000252.49160673,100000164.00618659,100000105.0,100000117.68287565,100000135.68287565,100000100.5,100000162.40979296,99999973.17668906,99999983.45998345,99999980.5,99999982.0,99999983.5,99999983.5,99999982.0,99999980.5,99999982.87172076,99999983.5,99999859.66829579,99999864.83659157,99999847.0800331,99999832.0800331,99999842.66829579,99999841.24832888,99999846.53742413,99999844.66829579,99999837.03707339,99999869.16570337,100000016.5,100000016.5,100000016.5,100000000,100000016.5,100000000,100000032.18287565,100000016.5,100000016.5,100000031.5,100000550.38989516,99999410.0,99999756.0094805,100000262.5,99999236.5,100000571.37995036,100000616.4199669,100000676.33993381,100000647.9199669,100000677.9199669
99999835,99999850,99999790,99999895,99999985,100000135,100000300,100000165,99999970,100000150,100000432.42354526,100000427.5,100000412.0,100000427.0,100000354.0,100000516.40114212,100000385.32468738,100000403.0,100000377.40114212,100000372.92354526,99999980.5,99999983.5,99999982.0,100000000,99999983.5,99999982.5,100000000,99999968.5,99999982.0,99999983.5,100000000,99999985,99999985,99999985,99999985,99999985,99999985,99999985,99999985,99999985,100000016.5,100000000,100000001.5,100000001.5,100000001.5,100000001.5,100000001.5,100000016.5,100000001.5,100000001.5,99997570.29657364,99999392.5,99997299.72936423,99998527.0,99998464.0,100001065.0,100001018.5,100000831.0,100000789.0,100001105.5
100000780,100000885,100000330,99999730,99999820,99999490,99999700,99999805,100000195,100000015,99999407.5,99999157.14771442,99998737.0,99999393.21540385,99999427.0,99998869.54001251,99998824.0,99998837.25541635,99999427.67388846,99998869.0,99999989.5,99999991.0,99999991.0,99999991.0,99999995.5,99999996.5,99999989.5,99999992.5,99999989.5,99999991.0,99999761.5,99999761.5,99999762.5,99999761.5,99999791.5,99999761.5,99999764.0,99999779.0,99999776.5,99999761.5,100000000,100000015,100000015,100000000,100000000,100000015,100000015,100000000,100000015,100000015,100001122.0,100001075.5,100000921.0,99998548.6675644,100001219.0,100001640.5,100001791.5,100001434.5,100001234.5,100001625.5
99999670,99998791.78543432,99999655,100000360,100000030,100000240,99999760,99999835,99999805,99999565,100000518.52056043,100000540.36426093,100000520.78329045,100000564.22524278,100000590.50135945,100000584.59031375,100000571.3464506,100000522.16484341,100000479.30138288,100000470.34788437,99999982.66759835,99999982.66759835,99999958.5827539,99999998.5,99999958.56201133,99999958.56201133,99999982.0,99999958.59463014,99999958.60517853,99999958.60517853,99999848.72722311,99999829.22722311,99999842.72722311,99999822.39482147,99999812.72722311,99999884.05962476,99999833.72722311,99999817.31206757,99999857.72722311,99999840.57634091,100000015,100000000,99999985,100000015,100000015,100000026.39994071,99999985,99999985,100000041.39994071,100000000,99999865.9225687,100000177.0,99999527.41257052,99999746.5,99998829.52448173,100000427.28335065,99999811.30184516,100000550.19981185,99999852.60116151,99999983.97015125
99999094.03278728,99999513.78404506,100000060,99999445.59571752,100000135,99999910,99999850,99999850,99999745,99999608.0954762,100000303.21715027,100000328.55190846,100000337.31920278,100000310.87104554,100000411.85362199,100000253.87127602,100000322.1556634,100000307.57862334,100000436.46355866,100000475.11793059,99999968.18086292,99999978.11207804,99999978.14619043,99999968.18086292,99999979.64619043,99999978.11207804,99999977.25732854,99999977.25732854,99999983.5,99999979.64619043,99999856.3358132,99999839.8358132,99999854.7326327,99999869.8358132,99999839.26695274,99999825.76695274,99999841.41454974,99999842.26695274,99999839.7326327,99999856.3358132,100000027.31913708,100000027.31913708,100000021.24267146,100000024.1031805,100000021.24267146,100000024.1031805,100000027.31913708,100000012.31913708,100000027.31913708,100000027.31913708,100000167.34396759,100003470.26367332,99999694.4686391,99994889.89274685,100000754.5465124,100000287.4399869,100000321.48292181,100000541.58562419,100000422.61963302,100000278.67872488
100001558.36158635,100000105,99999685,100000345,99999670,99999700,99999565,99999745,100000450,100000570,99999100,99999640,99999415,99999100,99999265,99999235,99999565,99999550,99999250,99999520,100000082.08260971,100000082.08260971,100000082.08260971,100000082.08260971,100000082.08260971,100000082.08260971,100000015,100000082.08260971,100000082.08260971,100000082.08260971,99999746.5,99999761.5,99999761.5,99999761.5,99999731.5,99999746.5,99999716.5,99999761.5,99999716.5,99999776.5,100000000,100000082.08260971,100000000,100000082.08260971,100000114.18415157,100000097.68415157,100000015,100000000,100000097.68415157,100000000,99999525.3623377,100001452.24259093,100000509.19473688,100001691.70374443,100000236.9984236,100000928.09431846,100000885.15459774,100000602.48929907,99999958.40515685,100000454.53204641
100000315,99999055,99999985,99999125.2991331,99998367.38266262,100000360,100000420,100000795,100000360,99999745,99998832.61155589,99999827.8000945,100000051.05533461,100000127.4088978,99999195.92662497,100000016.58821048,99999605.16435166,100000185.40185538,99999199.75629893,99999168.77575319,99999942.42873546,99999942.42873546,99999942.42873546,99999942.42873546,99999942.42873546,99999942.42873546,99999942.42873546,99999942.42873546,99999942.42873546,99999985,99999675.3369061,99999732.09176025,99999791.627471,99999745.1533165,99999716.40515858,99999702.3369061,99999689.52049571,99999679.8369061,99999737.10961562,99999669.3369061,100000083.03409065,100000039.56825247,100000001.5,100000039.56825247,100000039.56825247,100000031.5,100000000,100000015,100000039.56825247,100000031.5,100000886.5,100000975.0,100001185.83475141,100003038.24054441,100000684.56769742,100000201.82017353,100000187.50075108,100000193.30999005,100000518.98030055,100000463.6538566
100000120,99999574.12189755,99999790,99999376.07875752,99999545.21280213,100000030,100000150,99999775,99999895,100000090,100000236.80603775,100000323.93908593,100000189.37069184,100000201.7028581,100000195.37069184,100000308.65718201,100000190.87069184,100000168.37069184,100000246.34108104,100000218.3383648,99999982.0296108,99999982.0296108,99999989.03232704,99999982.0,99999982.0,100000000,99999989.03232704,99999982.0,100000000,100000000,99999894.24957688,99999819.9703892,99999851.75229312,99999837.9703892,99999845.32133992,99999862.28190392,99999821.4703892,99999817.0,99999884.96767296,99999838.46767296,100000015,100000024.0,100000016.5,100000024.0,100000016.5,100000024.0,100000021.0,100000022.96767296,100000025.5,100000024.0,99999424.75,100000227.55691664,99998487.77163501,99999443.13278408,99999610.46767296,100000712.03232704,100000593.53232704,100000775.5,100000838.03232704,100000687.0
99999655,99999910,99999730,99999775,99999670,100000045,99999780.24603179,99999765.57463652,100000300,100000225,100000938.86907768,100000473.7781132,100000826.36907768,100000537.83875619,100000995.28333296,100000656.28333296,100000689.28333296,100000845.28333296,100000451.22268997,100000807.78333296,99999930.4696785,100000003.91425528,99999990.41425528,100000005.41425528,99999915.4696785,100000024.0,100000024.0,100000010.49057165,100000003.91425528,100000024.0,99999641.5,99999641.5,99999686.5,99999731.5,99999656.5,99999656.5,99999686.5,99999686.5,99999671.5,99999719.44457677,100000086.94457677,100000085.44457677,100000015,100000015,100000080.0303215,100000088.44457677,100000015,100000086.94457677,100000015,100000085.44457677,99999853.0,100000082.5,99999809.5,100000111.0,100000336.06885888,99999317.10482353,99999066.91748093,99999403.2261095,99999489.38715944,99999170.19578801
100000075,99999670,99999822.14951211,99999754.22393876,99999715,99999670,99999753.41267638,99999895,99999790,99999895,100000252.0,100000282.02174154,100000219.0,100000180.0,100000228.0,100000159.0,100000214.5,100000250.72667612,100000232.5,100000226.5,99999956.18852736,99999983.5,99999970.0,99999982.0,99999980.5,99999983.5,99999982.0,99999970.0,99999970.08479652,99999983.5,99999706.0,99999753.69939813,99999751.0,99999719.5,99999695.5,99999731.19939813,99999727.0,99999751.0,99999713.19939813,99999710.19939813,100000022.5,100000022.5,100000022.5,100000022.5,100000022.5,100000022.5,100000022.5,100000022.5,100000022.5,100000022.5,99999281.80060187,100000235.5,100000085.5,100000035.95169163,99999976.9645886,100000526.5,100000583.5,100000477.0,100000917.67765659,100000351.0
99999805,99999003.74668711,99999730,99999640,99999955,99998958.27518973,100000105,100000135,100000210,99999670,100000316.13727263,100000570.24075748,100000732.24075748,100000461.32681806,100000692.34424233,100000791.32681806,100000767.63727263,100000954.82681806,100000611.05121204,100000677.03378777,99999936.10348485,99999936.10348485,99999905.3812326,99999920.06778754,99999936.10348485,99999934.60348485,99999936.10348485,99999934.60348485,99999936.10348485,99999905.3812326,99999925,99999925,99999925,99999925,99999925,99999925,99999925,99999925,99999925,99999925,100000015,100000044.39651515,100000044.39651515,100000044.39651515,100000047.39651515,100000015,100000000,100000044.39651515,100000044.39651515,100000015,99999593.5,100001905.94191225,100000073.34750184,100000870,99998991.21418695,99999238.26694436,99999156.55262847,99999210.81151533,99999100.1219699,99999229.1219699
100000855,99999670,100000660,100000585,99999940,100000360,100000600,100000757.69244955,99999445,100000150,99998366.86325173,99998168.81241663,99998121.28298709,99998477.9852836,99998758.25988187,99998373.68249898,99998586.24903288,99998090.36555976,99998288.18461828,99998050.29405178,99999903.42826767,99999888.42826767,99999888.42826767,99999888.42826767,99999888.42826767,99999888.42826767,99999888.42826767,99999888.42826767,99999982.0,99999888.42826767,99999835,99999835,99999805,99999820,99999830.51301144,99999835,99999805,99999835,99999820,99999835,100000000,100000000,100000000,100000078.97628514,100000051.57987936,100000093.57173233,100000000,100000015,100000096.57173233,99999985,99999939.73754036,100002448.95650363,100004940.25947367,100004535.35051627,100002064.60896502,100000393.98728314,100000337.97721551,100000340.55752257,100000324.87883212,100000799.9470659
99999655,99999805,99999655,99999655.17474328,99999518.69521283,100000000,99999775,99999436.17253058,99999805,99999683.62616304,100000288.34418279,100000232.45575726,100000348.53460248,100000337.99931403,100000361.07653856,100000276.34418279,100000325.84418279,100000292.11182702,100000352.84418279,100000199.9853366,99999979.0,99999972.26764423,99999983.5,99999976.0,99999982.0,99999983.5,99999975.26764423,99999982.0,99999979.0,99999976.0,99999851.36245959,99999837.86245959,99999864.86245959,99999784.08455433,99999872.97497258,99999848.36245959,99999840.09481536,99999822.86245959,99999849.86245959,99999842.36245959,100000019.5,100000003.73235577,100000003.73235577,100000021.73235577,100000021.73235577,100000018.73235577,100000021.73235577,100000030.73235577,100000015,100000019.5,100000153.07152402,99999654.27840054,99999547.0,99999668.5,99999559.0,100000846.28230762,100000475.0146634,100000530.5852403,100000720.35288453,100000462.35288453
99999985,100000135,99999745,99999035.84178723,99999940,99999925,99999835,99998668.10070369,99999505,99998804.21389997,100001072.08936805,100000883.10719778,100000919.7849558,100000933.94800733,100000857.6217086,100000877.79946662,100000894.2849558,100000942.15498267,100000842.6217086,100000841.1217086,100000000,99999948.00739293,100000000,99999957.35161579,100000000,100000000,100000000,100000000,100000000,100000000,99999909.03327407,99999965.2110321,99999909.03327407,99999875.35551605,99999879.03327407,99999860.35551605,99999938.2110321,99999916.53327407,99999967.37408362,99999875.35551605,100000045.67775802,100000030.67775802,100000045.67775802,100000045.67775802,100000045.67775802,100000030.67775802,100000045.67775802,100000015,100000045.67775802,100000045.67775802,99999878.35765699,100000097.36102006,99999979.99260707,99999874.24787085,99999862.17775802,99999166.46761489,99999455.53689493,99999171.21192105,99999044.96761489,99999430.03396736
100000000,99999355,100000390,100000705,99999715,99999655.46433766,99999805,99999415,100000615,99999925,99999961.19488718,99999845.34662539,99999954.43195343,99999789.63004497,99999649.78091288,99999825.21877874,99999974.40460578,99999709.23529857,99999613.90443313,99999726.18785271,99999998.68525003,99999988.67518945,100000000.18525003,100000000.18525003,100000015.34913209,99999982.0,99999980.5,100000018.18525003,99999982.0,99999980.5,99999946.0,99999947.5,99999944.5,99999944.1935369,99999941.5,99999944.5,99999940.0,99999944.5,99999929.5,99999946.0,100000044.33086544,100000031.5,100000034.84913209,100000039.09306017,100000031.5,100000031.5,100000039.09306017,100000038.58873378,100000031.5,100000036.0,100000238.5,99999953.5,99999948.60667358,100000673.87161325,100000214.5,100000235.86492904,100000376.01584613,100000320.04178795,100000664.46465582,100000012.42105359
100000075,99999640,99999940,99999752.26642115,99999700,100000030,99999803.90016067,100000000,99999505,99999837.29072633,100000494.70870823,100000412.54885814,100000480.56361775,100000465.38442712,100000431.22457744,100000430.91505617,100000516.24316686,100000401.25520608,100000433.94568416,100000408.93896198,100000003.46730368,99999980.5,100000003.46730368,99999980.5,100000004.96730368,99999982.0,100000003.46730368,99999980.10317333,99999983.10317397,99999982.0,99999977.5201695,99999965.0294569,99999956.5294569,100000007.25239612,99999952.5589138,99999969.0589138,99999973.0589138,99999974.5589138,99999950.0294569,99999993.5294569,100000016.5,100000019.5,100000019.92745467,100000019.92745467,100000019.92745467,100000001.5,100000019.5,100000019.92745467,100000019.5,100000019.5,99998901.20748396,99999406.0,99998551.58855492,99998372.99846578,99998908.0,100000650.61557311,100000444.40922517,100000639.04302777,100000737.21874708,100000831.32192105
100000045,99999580,100000165,99999865,100000180,100000045,99999835,99999865,99999865,100000600,99997808.0,99998353.5,99998198.0,99997753.5,99998379.5,99998098.5,99997913.0,99997902.0,99998368.5,99997928.0,99999979.0,99999979.0,99999979.0,99999979.0,99999979.0,99999979.0,99999979.0,99999979.0,99999979.0,99999979.0,99999735.5,99999699.5,99999715.0,99999690.5,99999724.0,99999752.0,99999716.0,99999729.5,99999716.0,99999743.5,100000007.0,100000000,100000022.0,100000022.0,100000015,100000022.0,100000022.0,100000015,100000007.0,100000000,100001212.0,100002025,100002353.5,100005817.0,100003805.5,100001428.0,100001013.5,100001716.0,100001321.5,100001417.0
99999655,99999670,99999625,99999464.31251566,99999460,99999730,99999895,99999760,99999422.55514786,99999610,100000501.93090764,100000290.26067276,100000287.84200649,100000324.76067276,100000286.2200059,100000323.7200059,100000317.84200649,100000563.11791195,100000311.7200059,100000281.7200059,99999983.5,99999983.5,99999983.5,99999983.5,99999983.5,99999983.5,99999956.90797149,99999982.0,99999983.5,99999982.0,99999967.16710155,99999955.57776767,99999970.16710155,99999968.66710155,99999974.66710155,99999970.16710155,99999971.66710155,99999967.16710155,99999973.16710155,99999970.16710155,100000002.54066686,100000001.5,100000002.54066686,100000016.5,100000002.54066686,100000016.5,100000017.54066686,100000002.54066686,100000016.5,100000016.5,99999977.98287599,100002692.68842761,99996948.98142275,99999555.30364043,99998300.55866449,100000746.89612421,100000463.04799056,100000692.2906871,100000503.08865742,100000748.96665683
100000075,99999550,100000180,99999700,100000060,100000120,100000165,99999460,99999460,99999625,99999899.15856937,99999348.05352359,100000130.1682878,100000155.20677453,100000119.05352359,100000073.51459734,99999452.0486578,99999905.60839823,100000121.65370359,100000043.5,99999980.99513422,99999980.99513422,99999982.49513422,99999971.99513422,100000000,99999971.99513422,99999983.5,99999980.99513422,99999980.99513422,99999971.99513422,99999702.00973156,99999747.00973156,99999751.7591787,99999782.41245139,99999733.10991156,99999751.50973156,99999735.00973156,99999718.50973156,99999731.08512151,99999733.50973156,100000016.5,100000016.5,100000016.5,100000016.5,100000016.5,100000015,100000016.5,100000001.5,100000016.5,100000016.5,99999943.0,100000351.0,100000019.58948553,100000315.0,99999497.5,100001428.35602798,100000781.5,100001033.85602798,100001064.86089376,100000581.98540266
100000390,99999730,100000480,100000375,100000043.92329386,99999685,99999895,99999910,100000027.71119982,99999340.31457077,99999653.14846247,99999630.64846247,99999580,99999636.64846247,99999740.03335181,99999650.14846247,99999595,99999886.48974586,99999587.14846247,99999617.14846247,99999971.5,99999999.07423124,100000000.57423124,100000000.57423124,99999962.17433602,100000000.57423124,100000015.0,99999962.17433602,99999999.07423124,99999997.57423124,99999900.81476995,99999914.67425682,99999767.05837514,99999826.81802776,99999738.55837514,99999803.05837514,99999843.60002558,99999868.66775356,99999945.67874749,99999835.70683761,100000000,100000000,100000000,100000000,100000000,100000000,100000000,99999985,100000000,99999985,100000243.77561636,100000674.07816793,99999604.10018076,99999536.39117968,99998186.01757403,100001447.4624526,100001375.4061501,100001466.33191887,100001367.10922515,100001323.03499392
99999820,99999374.08645812,99999280,99999940,99999970,99999442.8472983,100000825,99999985,100000795,99999850,99996775,99996760,99995815,99996685,99996835,99996730,99996145,99995770,99996205,99995905,100000030.28430817,100000022.25821827,100000015,100000038.64249784,100000013.78430817,100000015,99999985,100000016.5,100000023.94905259,100000037.14249784,99999833.70694514,99999851.66023597,99999829.3643951,99999856.08810148,99999832.34296733,99999833.74614525,99999862.54237261,99999859.20556489,99999858.0718469,99999883.01483633,100000000,100000000,100000049.57932056,100000000,100000000,100000000,100000000,100000000,100000000,100000000,100004607.12678307,100005549.95789205,100005745.72454907,100010789.42911045,100004468.86022143,100001110.44449174,100001535.61360972,100001488.52279292,100001561.0396612,100001489.46351752
100000525,99999970,100000318.0,99999700,99999610,100000165,100000259.5,100000135,99999685,99999775,99999877.0,99999866.5,99999881.5,99999325.0,99999311.5,99999605.5,99999541.0,99999313.0,99999263.5,99999377.5,99999949.0,99999949.0,99999950.5,99999952.0,99999949.0,99999949.0,99999949.0,99999949.0,99999949.0,99999952.0,99999971.5,99999971.5,99999971.5,99999971.5,99999971.5,99999971.5,99999986.5,99999971.5,99999971.5,99999971.5,99999985,100000048.0,100000033.0,100000048.0,99999985,100000000,100000033.0,99999985,100000048.0,100000048.0,99999665.5,100000882.0,100001617.0,100001407.0,100000538.5,100000250.5,99999944.5,100000097.5,100000142.5,100000510.0
99999415,99999016.30832553,100000360,99999655,99998872.77936864,99999233.64004488,99999063.72397028,99999685,99999730,99998700.91954175,99999778.41958444,99999463.05524647,99999870.67209795,100000466.83848907,100000348.07195109,100000523.05600321,99999383.66198958,99999781.17991003,100000424.0009002,100000064.31095889,100000012.25242178,100000004.14702557,100000012.34717938,100000007.38771589,100000004.14702557,100000012.25242178,100000012.25242178,100000011.99740443,100000012.25242178,100000035.8596333,99999887.49950443,99999902.48161784,99999892.41482455,99999899.73779032,99999887.51108986,99999916.76658936,99999863.90323912,99999910.65519114,99999914.7083183,99999884.73095617,100000027.95589861,100000000,100000000,100000001.5,100000000,100000000,100000020.6040548,100000015.948525,100000015.92588712,100000015.95535915,100001609.00605369,99997770.75040878,100001967.35738748,100002102.91172698,100001662.29662599,100000275.59270197,100000422.2856047,100000231.35703683,100000643.88858178,100000295.72097278
99999730,99998083.91714308,99998901.86898386,100000090,99998041.33345644,100000180,100000000,99999865,99999625,99999730,100001380.19633266,100001599.15884352,100001068.16738564,100001433.62922238,100001482.27397297,100001556.35439177,100001212.75597462,100001192.14743292,100001686.5373542,100000789.81460269,99999931.94705172,99999911.82994558,99999931.94705172,99999931.94705172,99999911.82994558,99999931.94705172,99999911.82994558,99999931.94705172,99999922.54444595,99999931.94705172,99999915.05294828,99999954.53814414,99999980.10589656,99999955.2027516,99999971.7230027,100000010.10589656,99999965.10589656,99999955.2027516,99999915.05294828,100000036.77687915,100000074.37997386,100000000,100000056.67098258,100000086.67005442,100000065.05294828,100000089.37999031,100000000,100000076.22189477,100000061.22189477,100000086.67005442,99999920.5,100000390.83528274,100000798.54485582,100001390.01175176,100002162.53372842,99997413.21600364,99997473.73182757,99997782.48216724,99997718.57585725,99997796.56192693
99999625,100000570,99999745,100000600,100000150,99999730,100000000,100000390,99999910,100000450,99998395,99999400,99999085,99998290,99999355,99999385,99999370,99998740,99999430,99999370,99999983.34536767,99999983.34536767,99999983.34536767,99999983.34536767,99999983.34536767,99999983.34536767,99999983.34536767,99999983.34536767,99999983.34536767,99999983.34536767,99999415,99999415,99999415,99999430,99999415,99999355,99999415,99999355,99999370,99999310,100000015,100000015,100000015,100000015,100000015,100000015,100000015,100000015,100000015,100000015,100001243.86925828,100001399.44272284,100001708.86090513,100002230.63753687,100001526.6190146,100000766.41631953,100000850.43413629,100001587.41735607,100001571.03301188,100001246.8160618
99999655,99999700,99999092.78852937,99999805,100000315,99999790,99998875.61301008,99999730,99999790,99999880,99999834.63937826,100000096.71306214,100000022.60348421,99999997.66928758,99999823.67331803,100000105.67992355,99999994.82916303,100000201.53683485,99999811.560334,100000056.74546836,100000009.46603116,100000017.62658238,100000000.22327693,100000000.22327693,99999977.92023177,100000012.46603116,100000012.46603116,100000013.97127002,100000009.42023177,100000010.97569041,99999927.32230528,99999940.81232852,99999955.82230528,99999970.82230528,99999937.82230528,99999892.82230528,99999922.82230528,99999892.82230528,99999925.82230528,99999940.82230528,100000028.90702094,100000030.41892403,100000040.18955462,100000028.91483343,100000028.90702094,100000028.90702094,100000028.91386555,100000030.41892403,100000028.90702094,100000028.91307792,99999938.7371512,100000773.95420061,100000576.70899384,100001929.95393673,99999630.95420061,100000046.40316981,100000352.36247373,100000031.87738498,100000179.80718489,100000284.32051708
100000000,100000060,99999715,99999363.55594622,99999775,99999618.42363237,99999685,99999526.63452694,99999444.33374146,99999655,100000315.0,100000338.04285122,100000357.40655372,100000367.11281502,100000400.92089501,100000340.5,100000337.59598802,100000417.08118458,100000358.66756378,100000273.0,100000000,100000000,99999960.57257597,100000000,99999962.07257597,100000000,99999983.5,99999997.0,99999980.5,99999983.5,99999932.31728068,99999919.62547551,99999968.49053328,99999974.41875206,99999929.31728068,99999928.69192001,99999923.7340683,99999929.31728068,99999951.81728068,99999944.31728068,100000013.5,100000000,100000016.5,100000000,100000000,100000016.5,100000016.5,100000001.5,100000016.5,100000000,100002103.50046812,100000058.74695496,99999452.35481285,99997042.08911717,99999376.94163711,100000296.20245905,100000509.20247623,100000387.70245905,100000493.87394701,100000580.9176656
99999625,99999925,99999530.66557537,99999940,99999895,99999745,100000000,99999715,99999865,99999625,100000325.34893969,100000223.1182705,100000225.65791103,100000293.62980227,100000306.96811187,100000262.14196697,100000302.46811187,100000255.96811187,100000233.46811187,100000298.11874823,100000000,100000000,100000000,100000000,100000000,99999982.0,100000000,100000000,100000000,100000000,99999863.97221942,99999845.5,99999877.24202797,99999874.0,99999845.5,99999866.97221942,99999859.0,99999863.5,99999853.47221942,99999897.71349561,100000022.74202797,100000020.90860839,100000022.74202797,100000033.0,100000016.5,100000016.5,100000018.0,100000018.0,100000016.5,100000021.24202797,99999642.06937304,99999846.17260984,99999376.0,99999054.97837208,99999119.5,100000562.78986016,100000962.81764074,100000735.28986016,100000774.53188813,100000498.28986016
100000300,99999925,100000225,100000465,100000468.82857096,99999805,100000120,100000225,100000645,100000510,99999911.34963104,100000698.54458247,100000669.81499042,100000668.54458247,100000430.47530122,100000692.84963104,100000498.50994185,99999936.54458247,100000195.50994185,100000626.54458247,99999903.46535937,99999968.70636952,99999903.46535937,99999983.70636952,99999968.70636952,99999965.70636952,99999968.70636952,99999998.5,99999918.46535937,99999984.7891009,99999577.30504857,99999590.80504857,99999652.30504857,99999650.80504857,99999592.30504857,99999635.80504857,99999590.80504857,99999620.80504857,99999650.80504857,99999652.30504857,100000096.53464063,100000096.53464063,100000096.53464063,100000051.30504857,100000052.80504857,100000052.80504857,100000052.80504857,100000037.80504857,100000096.53464063,100000110.03464063,99992015.47475715,100008506.95788129,99998540.5,99998984.16750535,100000820.92377858,99999915.73221518,99999216.0333603,99999295.91083506,99999537.33840887,99999627.47896166
99999630.10484579,100000015,100000210,99999610,99999865,99999678.40216723,100000015,100000225,99999985,99999475,100000362.57403013,100000547.0586196,100000314.95877936,100000491.4807073,100000277.30718377,100000526.67804463,100000283.48098873,100001391.3917342,100000328.08572398,100001201.19608465,99999955.53639188,99999954.03639188,99999968.5,99999983.5,99999977.94946814,99999983.5,99999977.94946814,99999977.94946814,99999938.60955778,99999962.93076411,99999736.30319118,99999714.25265932,99999730.75265932,99999757.75265932,99999779.80319118,99999763.30319118,99999727.79608707,99999753.25265932,99999746.80319118,99999745.30319118,99999985,100000016.5,100000019.05053186,100000000,100000019.05053186,100000016.5,100000019.05053186,100000017.55053186,100000017.55053186,100000019.05053186,99999770.9938866,100001499.28644074,99999546.14044222,99995003.78492324,99998981.53185743,100000561.63164708,100000566.87898776,100000780.89725766,100000898.017683,100000693.03058335
